"","TCGA-OR-A5LC-01","TCGA-OR-A5JJ-01","TCGA-OR-A5K3-01","TCGA-PK-A5HA-01","TCGA-OR-A5LN-01","TCGA-OR-A5JA-01","TCGA-OR-A5K0-01","TCGA-OR-A5JY-01","TCGA-OR-A5J9-01","TCGA-OR-A5K4-01","TCGA-OR-A5L9-01","TCGA-OR-A5KV-01","TCGA-OR-A5KY-01","TCGA-OR-A5K9-01","TCGA-OR-A5J2-01","TCGA-OR-A5JD-01","TCGA-OR-A5JX-01","TCGA-OR-A5KZ-01","TCGA-OR-A5LB-01","TCGA-OR-A5JR-01","TCGA-OR-A5J6-01","TCGA-OR-A5J1-01","TCGA-OR-A5LD-01","TCGA-OR-A5JK-01","TCGA-OR-A5LH-01","TCGA-PK-A5H8-01","TCGA-OR-A5JG-01","TCGA-OR-A5LS-01","TCGA-OR-A5L8-01","TCGA-OR-A5LJ-01","TCGA-OR-A5KT-01","TCGA-OR-A5JC-01","TCGA-OR-A5JI-01","TCGA-OR-A5LP-01","TCGA-OR-A5J5-01","TCGA-OR-A5JO-01","TCGA-OR-A5LM-01","TCGA-OR-A5LL-01","TCGA-OR-A5K1-01","TCGA-OR-A5J7-01","TCGA-OR-A5K6-01","TCGA-OR-A5LA-01","TCGA-OR-A5LO-01","TCGA-OR-A5L3-01","TCGA-OU-A5PI-01","TCGA-OR-A5JP-01","TCGA-OR-A5JZ-01","TCGA-OR-A5KU-01","TCGA-OR-A5JW-01","TCGA-OR-A5JL-01","TCGA-OR-A5JB-01","TCGA-OR-A5K8-01","TCGA-OR-A5LE-01","TCGA-OR-A5KO-01","TCGA-OR-A5K5-01","TCGA-PA-A5YG-01","TCGA-OR-A5JF-01","TCGA-PK-A5H9-01","TCGA-OR-A5J3-01","TCGA-OR-A5JS-01","TCGA-PK-A5HB-01","TCGA-OR-A5JE-01","TCGA-OR-A5L6-01","TCGA-OR-A5LG-01","TCGA-OR-A5L4-01","TCGA-OR-A5LK-01","TCGA-OR-A5K2-01","TCGA-OR-A5JM-01","TCGA-P6-A5OF-01","TCGA-OR-A5JT-01","TCGA-OR-A5KW-01","TCGA-OR-A5J8-01","TCGA-OR-A5JQ-01","TCGA-OR-A5JV-01","TCGA-OR-A5KX-01","TCGA-OR-A5L5-01","TCGA-P6-A5OG-01","TCGA-OR-A5LR-01","TCGA-OR-A5LT-01"
"KIF1A",2.5233,5.7694,3.5045,3.2124,0,6.1342,1.0406,4.9955,6.368,11.1781,4.4922,11.1989,7.5465,10.4157,11.9375,5.7655,0.7212,10.4258,2.3775,5.2153,8.021,5.6297,11.1526,1.3366,5.1961,6.9548,5.101,8.0102,7.49,9.0069,3.1222,1.8256,4.6992,2.548,8.3225,0.6228,3.8883,0,8.7945,7.7788,7.1481,5.0803,7.1671,5.8835,9.8339,6.9942,2.5114,3.9955,0.5249,9.2095,0.5317,0,9.2897,5.7785,10.7181,0.5482,2.2814,0.4318,7.32,4.6886,3.9101,9.8799,4.8598,1.7115,6.6786,0,4.1918,8.1264,7.1073,8.8576,7.8953,8.2138,1.7608,1.3548,8.1003,7.1925,0,8.6831,0
"BMP7",0,6.5789,2.6263,0,0,2.652,6.4542,9.9877,10.7584,1.9265,0,8.7593,3.6953,0,2.5439,0.6842,0.7212,3.4191,0.5522,0,0,9.7462,11.3612,0,1.2566,0,6.3789,7.7215,0,5.2763,8.7729,7.0309,0,0.5269,7.4662,0,2.2023,0,0,2.0735,1.0069,0.9163,8.4267,1.0814,6.9088,1.4629,0,7.0424,0,0.5556,5.1956,2.4206,0,0,9.1091,2.9016,2.0318,0,1.9864,0.4542,2.4358,6.7686,2.2444,0,0,4.296,9.6624,8.2923,5.6741,0,5.9547,3.8341,0.4835,1.0274,0,1.3997,1.2019,0,0
"DHRS2",6.9036,7.7223,9.2068,1.9093,2.1597,14.615,14.1142,11.1823,6.8008,4.8018,8.9993,7.2423,7.6132,8.8486,4.0964,7.3052,5.7599,4.3923,10.3318,3.671,6.0649,6.5125,15.9011,5.0789,7.6381,6.9402,11.5783,7.223,4.443,5.5642,16.4381,9.358,4.4163,5.1803,10.5121,1.0564,8.5228,6.9428,5.6156,9.2843,10.6527,4.359,9.479,6.9644,6.1866,8.4769,6.3624,10.1002,4.3439,7.5473,3.3726,8.6018,7.0377,3.3079,7.6331,5.1754,5.7419,0.4318,9.2303,3.6402,10.3831,10.0891,5.8813,3.6815,5.2966,7.2465,9.6943,9.8319,4.1865,7.1942,10.6468,9.4011,5.643,6.1516,15.951,3.8732,3.2734,9.1097,15.1361
"HOXB13",6.2917,8.0386,6.968,7.2896,0,8.2372,8.6287,7.864,7.5308,6.1618,6.5298,2.6779,7.1476,5.4626,4.5819,0,0,1.4948,0.5522,0,0.6405,9.1479,5.181,5.3988,7.694,0.7001,3.4868,6.6815,0,4.6241,0,5.0077,0,1.2156,7.7623,0,3.1382,2.375,4.4938,9.14,0,0.9163,8.7646,0,7.559,8.023,2.6721,2.95,6.9164,5.9228,1.8772,7.8565,1.1571,2.8262,8.1565,3.8017,4.8089,0,5.1682,6.9736,3.7898,8.43,7.1792,0,3.0168,8.9735,0,7.1137,6.0512,5.4159,4.1923,4.1356,0,9.2867,10.1107,0.6286,0,4.3981,8.9489
"CDHR5",11.0825,8.0064,2.6263,2.1069,1.7277,1.865,7.022,0.5339,1.0143,2.2992,2.6727,0.8248,6.9602,8.477,11.3083,0,0.7212,6.9475,0,0.9553,7.7671,11.0202,1.2369,2.4794,0.549,1.523,3.9552,0.7464,0.8465,1.5915,7.5163,2.2681,0,0.9119,1.7328,1.0564,0,2.375,0,2.0735,4.1829,0,0.5661,6.0867,0,0.9094,2.1238,0.8053,0.5249,0.9558,0.9193,0,10.1518,1.9304,8.1796,0,2.162,2.0498,1.1276,1.0772,2.2044,9.0904,0,4.193,1.9401,0,7.504,9.8264,4.9595,0.9616,3.8581,1.9638,0,0.6033,7.6359,2.2699,1.2019,0,0.8878
"FOXA2",2.5233,4.5151,3.9289,0,0,3.3198,0,10.3118,1.2387,5.4456,0,0.8248,0.9149,7.4632,1.3843,0,1.1999,3.2456,0,0,0,8.5101,0,3.5458,0,0,1.053,0,0,6.7511,1.5493,0,0,0,0,0,0,1.1351,0,7.7086,0,0,0,0,1.0978,10.5375,0,0.8053,0,1.5257,2.1905,0,8.673,0,9.0428,0,0,0,2.6628,0,0.4865,8.6531,5.5192,0,0,0,8.1774,8.9386,4.3885,1.7522,1.0567,0,0.4835,1.8464,10.8117,0,0,0,0
"PTH2R",5.9397,6.3846,0,0.6335,1.1084,2.8763,8.7629,0.5339,7.7631,5.0416,9.6183,7.2821,0,0,0.8522,0.6842,0.7212,8.3427,0,0,1.0825,7.557,8.2264,2.0183,0,0,0,0,0,0.5882,1.9598,1.1842,0,0.9119,0.8275,0,0,0,0,8.719,0.5896,2.1856,6.2009,0,0,8.6335,0.7413,0,0.5249,0.9558,0,0,1.5085,1.9304,9.4209,1.5106,0.471,0,0.6713,0,0,7.9845,0,3.2001,0.7734,2.6052,7.4192,7.7381,0.8337,0.5595,0,0.5002,0.845,2.7466,0,1.0651,2.6326,8.1361,0
"FREM2",1.2369,5.0304,0,0,3.6508,0,1.0406,0,0.4222,2.1249,0,6.7265,1.2192,11.9346,4.1627,0.6842,1.5587,6.8748,0,0,4.769,1.5466,1.2369,2.4794,0.9458,0,3.8515,2.8275,0.8465,0.5882,7.7146,0,0.9449,0,3.8246,2.9028,0,0,0,11.2399,0,1.4723,0,4.6755,1.7139,7.4175,0.7413,0,0,3.7745,0,0,9.6831,2.2476,8.9113,0,0.471,5.1797,0,7.0195,0.4865,0.6467,0,2.0653,2.1848,0,0.8982,12.4773,7.1713,0.5595,0,0,0,0,0,1.0651,0.9006,0.8772,2.7975
"SFRP1",10.1324,7.6663,10.075,2.1069,1.7277,9.0136,13.5957,13.388,6.1366,11.296,6.5298,7.9191,9.2831,12.7436,10.9536,4.3082,4.5669,12.2357,8.6873,4.0843,9.5761,3.5319,7.9539,11.3306,9.2968,5.5614,9.9928,8.6394,11.0844,10.3568,9.0935,10.0283,7.916,6.0874,11.5426,11.5454,7.4862,5.7612,7.2841,11.8571,10.1527,5.9177,5.5138,4.6755,10.9669,11.5295,6.265,8.0734,5.1385,7.5617,3.1001,8.9412,11.2866,11.4444,8.9864,3.1472,9.4613,6.6899,9.509,6.0945,12.6141,7.6768,10.0279,9.883,5.6626,3.8639,9.965,9.6557,11.1712,5.6786,6.695,1.9638,4.8514,3.6349,12.724,7.2813,2.8214,9.7615,1.4333
"CILP2",6.4343,8.946,5.6107,4.8361,0,5.3068,1.3705,7.2471,10.4783,7.9869,2.6727,11.3712,7.1919,6.2265,8.9253,3.3366,3.87,10.3852,3.1581,4.0438,0,2.1251,11.0325,3.3439,1.9179,0,5.4592,2.3408,7.4996,11.3527,5.3737,4.8575,0.9449,3.295,8.7615,3.4929,2.0006,2.375,6.4988,4.5523,4.8959,1.4723,1.2878,1.6925,3.4185,10.7356,4.4478,2.95,0.9089,4.4377,4.6474,1.2936,6.9327,8.2105,7.9388,2.0828,8.3007,1.6293,3.1214,9.0828,6.1036,7.6074,3.816,1.8992,5.2704,3.4815,3.3925,11.6551,6.2196,3.7353,4.0584,8.7269,9.5551,4.261,4.7954,3.5757,7.9597,7.9485,1.4333
"ISL1",1.8929,0.9203,0,0,0,4.5027,2.2326,8.8939,0,2.8405,2.6727,2.7623,7.5702,8.2416,2.5439,0.6842,1.1999,8.7342,1.5185,0,0,0,7.9139,0.8179,4.354,0,6.9674,0,0,1.0049,1.9598,0,0,0,2.0351,0,0,0,0,0,0,0,0.5661,0,1.4385,6.7802,0,0,0,2.2505,0,3.0456,10.2743,0.954,11.837,0.5482,1.3474,0,2.7918,0,7.0236,8.7069,0,0,0.7734,0,0.8982,9.2135,3.3766,0,3.2691,0.5002,0.4835,0,0,1.6711,0,0.8772,0
"HMGA2",8.4074,6.4523,7.1887,1.0721,1.7277,5.2678,5.9614,11.6039,5.9588,8.0027,5.2718,2.1606,6.8594,6.5446,8.4631,1.4959,2.47,9.9057,4.7103,6.0804,0.6405,4.4682,10.378,2.6643,5.553,7.6724,1.6552,5.938,4.9215,7.6857,2.5403,0.7103,3.2212,4.1134,4.8904,1.6147,2.3791,3.9959,7.5871,9.6867,4.7137,4.0076,3.2705,4.149,4.8261,9.8423,6.3624,0,4.3124,2.7307,4.5952,4.4141,11.2062,5.7946,11.6122,3.8943,6.0996,0.4318,1.1276,7.4864,0.8495,8.7301,3.9788,7.1868,0.7734,3.8639,8.8198,11.2826,5.5104,5.3165,0,9.9897,3.8215,5.6532,8.2045,5.1898,10.4599,6.864,4.6814
"HOXC10",8.3304,8.1333,7.7093,4.9173,0,9.2599,8.9379,8.5068,8.9222,6.228,7.6433,2.4926,7.5013,6.1571,3.7954,0,5.794,3.4191,7.2173,1.9324,0.6405,9.6286,8.9589,4.1523,5.4154,3.5383,8.8787,7.2744,4.9321,7.6821,6.8892,8.3119,5.1002,2.435,9.2777,0,7.9315,2.1982,2.5774,9.0435,0.5896,0,9.3102,3.1396,7.2104,11.3697,0,9.8786,4.0319,2.5105,9.255,7.2474,7.4312,4.8638,8.9291,2.9882,7.1413,5.6597,6.7971,8.7072,8.1863,5.943,6.2786,8.1289,1.6452,7.7106,7.2977,7.4909,7.3686,3.5138,8.6731,5.1954,2.3165,8.1731,8.2437,1.0651,6.8989,0.8772,5.2952
"MAGED4B",5.9784,8.3108,0,5.0248,3.0031,9.0367,6.8302,7.3275,9.7825,1.6965,3.2057,12.8773,7.8222,2.0311,6.2607,2.7925,6.7715,7.0238,6.8464,0.7206,1.4354,10.7172,7.3973,3.4433,3.0219,1.9062,9.0673,9.6781,7.6477,9.9923,5.9846,3.4628,4.6816,3.843,9.9206,2.9028,4.1613,0.9687,3.7268,6.7543,5.1809,1.9275,4.6135,2.9629,8.7232,4.7935,1.5095,4.6798,1.469,1.8148,5.824,2.3567,2.9571,6.1707,7.6333,1.4918,4.1258,3.3092,8.0521,2.9239,9.2363,6.8269,3.6605,3.7465,3.4569,2.589,5.6683,0,8.3503,0.9616,3.762,11.5318,5.6765,2.178,6.7005,3.5483,8.8812,3.0871,1.8282
"TFAP2C",4.4615,3.7543,0,4.4918,0,4.163,5.9614,0.5339,7.2181,0,0,6.1059,3.3008,0.9103,1.3843,0,1.1999,2.213,5.361,0,2.2963,7.7529,5.6394,0,2.8115,1.8067,5.9604,7.6208,4.8546,5.1592,8.7277,7.2517,0.9449,2.7506,7.7099,0,0.6783,7.3549,0,7.9501,0,3.0177,3.5912,2.45,8.5107,7.9984,0,0.8053,6.3836,1.5257,9.4533,6.6183,0,7.2154,6.2629,1.2552,4.8286,6.9068,8.4165,0.4542,6.2851,7.6445,0,4.3937,0,6.4502,5.3481,7.3758,6.4108,2.3961,6.4226,4.2964,0.845,0,0,2.0966,1.6633,3.0928,1.4333
"HOXC13",8.1732,8.9577,6.3663,3.0297,1.1084,7.406,10.3752,10.3315,8.5945,7.0332,6.6114,5.3477,6.4702,3.0065,6.627,0.6842,1.8458,3.7138,6.3761,0.5553,0,7.8126,3.7237,4.089,5.2844,2.5842,6.9361,2.3408,1.3764,4.0536,5.6477,7.8535,1.511,2.3123,8.5631,0,3.4067,1.7624,4.7813,8.3412,1.5942,2.6608,7.9116,0,6.4538,9.7968,0.7413,6.7026,4.5471,2.2505,4.0134,7.1327,8.64,3.6143,9.1007,3.7027,6.6305,0,4.6606,1.0772,2.6352,5.847,6.3793,6.6532,1.6452,1.4302,7.504,9.4515,8.1425,5.4631,7.3344,2.2418,2.5304,7.7511,9.2684,1.8994,0,3.0928,3.9501
"TEX15",3.796,7.1038,5.0022,8.5625,0,6.1979,0.6121,6.8535,3.1407,5.6201,6.5298,7.8628,0.9149,0.5259,0.4881,0.6842,0.7212,9.2239,3.9499,5.9106,2.4518,1.9567,0,0.8179,3.2926,6.7689,1.6552,0,3.2296,0.5882,1.5493,2.9995,3.7033,0,6.6348,3.9614,5.1627,0,6.7302,8.4594,0.5896,0,0,0,4.7364,8.3946,0,5.9437,0,2.1005,2.1905,0,3.6651,7.7834,3.8856,0,3.9702,7.9505,2.5211,3.0703,3.5639,5.682,0,0,4.1719,4.6281,0,5.7668,7.9299,4.8318,1.0567,0.5002,6.6798,7.1038,9.028,4.0261,8.5275,2.7777,4.6814
"ACAN",8.0786,9.3907,5.4493,5.738,3.5115,8.6074,8.4108,9.634,10.1896,4.1991,0,5.3613,7.5567,7.7493,4.7425,2.2144,2.7735,5.9307,5.9668,3.6168,2.122,5.1724,6.0173,2.6643,6.7791,3.5383,3.4868,9.7452,10.2414,7.3891,3.8567,8.0148,4.4163,6.6652,7.7979,7.3955,4.499,2.6744,6.7525,7.2538,7.9824,4.6414,12.1429,4.237,2.8622,10.38,4.2067,2.4555,5.7218,7.6385,5.048,0,9.8871,5.6225,10.6807,3.0699,4.2592,3.3815,2.3639,8.6094,6.145,11.7557,2.2444,5.1345,0.7734,2.6052,9.8001,10.3076,4.9775,7.7523,5.8233,2.5785,7.2317,6.7886,13.2445,5.9065,8.2642,6.3006,3.5915
"CACNA1B",0,4.6235,2.2872,6.5571,0,4.7775,0,2.7702,5.6028,7.8673,3.5549,9.5858,8.7452,0,8.0527,3.2472,0.7212,1.1454,5.759,1.2681,3.957,0.9713,5.8577,1.7173,5.7493,2.2472,1.3853,6.4098,6.6942,5.2949,1.9598,0.7103,1.9166,4.1134,10.2186,0,1.4859,0.6764,2.9307,8.7475,5.4564,0,8.9101,0,6.2201,6.2331,2.8167,5.3962,1.4622,1.7438,0,5.7347,3.6651,1.9304,5.8797,1.5106,7.0306,1.4566,3.3056,1.5109,6.7232,6.4141,1.5206,0.9336,0,7.6265,5.5742,4.5493,6.4108,0,1.3896,1.6192,0.845,1.8464,8.4211,2.9172,0.5195,2.3741,0
"MAGED4",5.3948,7.5044,0,3.5036,1.6921,8.1678,6.2042,5.7455,8.8168,0,3.1543,11.57,7.2225,2.3071,4.5336,2.8495,7.5977,6.0269,6.261,1.157,2.8318,10.8875,8.5656,4.3297,3.1205,2.1692,7.6949,8.21,5.7672,8.8085,5.13,4.6625,6.2171,2.5161,10.586,3.5605,2.3557,0.3095,3.9317,5.0192,5.0384,1.8156,3.0488,4.5374,6.9459,4.9089,0.8794,5.1768,0.5116,0.8242,5.882,3.6829,0,5.628,6.6598,1.5292,3.0846,2.1047,6.5617,2.6438,7.5636,5.9699,3.5589,4.5891,4.2237,3.4902,6.8048,0.8969,7.4836,0,3.5429,10.2375,4.9109,2.246,6.6604,3.7267,8.3092,2.1312,0
"B4GALNT4",9.0832,7.8081,2.6263,1.4081,1.1084,4.6003,5.9736,1.4809,7.8613,3.2333,0,11.2013,6.0937,1.8633,1.933,3.7154,3.7359,3.779,2.6156,4.8192,1.4204,1.7662,6.6049,3.2312,2.3696,1.8067,2.2515,8.3104,7.2235,8.162,3.9496,3.2125,1.511,0.5269,10.0069,1.0564,6.1424,1.7624,0.8703,2.4363,5.8839,4.359,7.7145,1.6925,6.8314,5.5032,0.7413,8.3757,2.4297,0.9558,6.3902,3.2792,0,1.2665,7.8838,1.5106,2.4941,0.4318,9.1008,7.6035,0.8495,1.4312,0,2.2142,1.2742,2.9597,2.6282,1.6577,7.1713,2.3961,1.3896,5.1286,1.921,1.0274,5.1268,1.3997,8.4239,2.7777,5.0207
"LOC645323",5.5793,8.2351,4.602,0,2.9885,5.2478,3.6585,5.8323,4.2749,5.6036,4.4922,4.6387,7.2931,2.4323,5.0182,0,0,8.4416,5.5451,6.0703,1.9238,7.8188,7.1646,2.9754,5.0625,0.7001,5.4767,7.287,6.5357,0,4.2709,6.3198,0,0,5.8073,0,5.3653,2.6744,5.3777,5.1332,0,0,8.1475,5.7993,0.6509,7.6872,0,9.6957,1.4622,2.1005,2.764,4.9763,6.9966,1.7411,6.5443,0,0,0,7.992,0,0.4865,7.5256,3.816,7.1033,5.9039,0,6.3457,2.0062,5.3537,4.5693,7.918,0.5002,3.7379,4.1387,0.9679,2.4247,3.2734,6.2852,4.5825
"HOXC11",5.6972,7.5714,0,0,1.1084,6.6491,6.7728,7.0516,5.2883,1.4227,4.0984,0,4.2924,1.8633,1.3843,0,0,1.4948,0.5522,0,0,7.6634,3.1924,0,1.5122,1.523,2.0788,0.7464,0,3.5939,0,5.1437,0,0,8.4904,0,0,0,0,7.0462,0,0,6.7506,0,0,8.3093,0,3.5192,1.2119,0.5556,5.4955,3.0456,6.317,3.4384,8.2746,0,0.8256,0,3.0197,0,0,4.9266,3.371,3.9598,0,0,5.5742,6.7535,5.7069,0.5595,2.551,5.821,0,3.2184,6.93,0,1.8483,0,0
"IGF2BP1",4.6681,2.8574,0,0,0,3.7177,5.7079,12.192,0.4222,0,5.0556,4.8071,1.6842,2.6501,3.1783,0,2.6297,3.8413,1.5185,0.9553,0,4.8981,1.8929,2.6643,7.3037,0,0.6205,2.9591,0,9.0541,0.9734,1.8256,1.9166,2.0304,1.35,0,1.4859,1.1351,0,5.6877,7.0526,1.8726,0,2.1204,1.0978,3.2241,1.2286,2.4555,0.5249,6.419,3.3091,0,9.2363,0.5544,1.9092,0,9.1206,2.8642,3.2165,5.7324,0,0.6467,2.2444,0.9336,1.2742,1.4302,0.8982,9.6688,4.8658,0,2.0841,9.1798,1.5804,1.3548,0,0,1.451,0,1.8282
"PCSK6",9.832,11.1652,8.3301,4.1324,4.1031,11.3386,10.3398,12.1309,6.1084,4.4783,6.4433,8.887,11.0808,11.1223,3.7954,3.8429,4.8525,10.53,11.7202,4.0438,7.2309,9.4598,8.6189,7.0631,10.6204,8.2741,9.6833,9.3581,7.4836,9.3328,10.9264,5.9259,5.2125,5.8211,6.4167,13.873,9.7321,8.9428,7.5366,10.0449,4.5982,9.1787,9.3157,8.8269,4.7669,10.5865,3.4693,5.5878,9.9288,12.4769,8.732,6.0824,11.2687,8.3455,10.1884,3.753,8.5454,14.0282,6.5458,11.2841,9.2115,12.2006,6.5328,10.8957,9.1653,4.0227,11.2208,6.5023,8.6687,4.0966,12.0318,8.9597,3.9755,4.5439,8.9604,6.5936,8.4581,6.0863,3.7819
"ARHGAP8",0,5.18,1.1977,5.372,0,8.4166,0,6.5718,4.0267,2.8405,2.6727,10.1126,2.9337,1.2137,4.3736,1.777,0.7212,7.3634,1.925,1.9324,3.7328,0.5659,4.6642,0,3.9507,1.4849,5.1767,3.7442,1.7631,5.1113,2.5089,0.7103,0.9449,0.5269,8.2067,2.4112,8.7286,3.6442,3.904,6.1368,1.5942,3.7466,7.0875,2.7182,4.3085,5.0848,1.5922,1.319,2.0256,6.9857,2.3249,4.2029,8.38,4.9079,9.6339,2.711,1.3474,3.2815,1.9864,0.0264,0,6.9701,5.4591,3.4608,1.6452,4.296,10.0199,8.1152,2.8594,1.5336,3.8083,4.8743,0.845,1.3548,10.4666,3.508,2.9073,1.8117,0
"C1QL4",5.8235,7.6821,8.8902,1.4081,0,7.3322,5.0549,4.4626,9.5296,7.7818,4.4922,6.323,6.4114,6.0366,7.5959,0,5.1447,5.0497,5.6291,0.9553,1.0825,7.3043,9.3761,8.2899,4.4489,3.6857,3.3414,3.7944,0.4844,4.6818,0.9734,8.5485,1.9166,1.8658,11.0331,0.6228,7.6803,0,6.512,2.4363,0,1.8726,7.8767,0,5.844,6.0443,3.8514,4.7233,3.2892,3.5028,2.1905,4.0845,5.5396,6.0474,6.6203,3.5964,6.579,3.475,3.2165,0.799,9.7022,3.6868,3.6106,1.2418,0.7734,4.1658,7.2246,5.2668,3.4813,2.1098,7.5617,6.0184,1.921,4.0051,4.8442,2.6919,2.9883,5.4209,3.8684
"MMP1",3.1924,4.2364,6.3435,5.9714,3.1847,5.418,6.1233,5.888,1.4329,3.3168,0,1.7285,1.6842,3.8711,2.3295,0.6842,9.4834,7.4902,4.3634,7.1624,0,1.2874,0,2.6643,5.7982,2.7272,2.2515,0.7464,1.1356,4.0536,2.7613,2.2681,0,2.8421,3.7435,3.1857,4.4203,0.6764,4.3837,4.0217,0.5896,3.0177,6.9876,0,0,7.7679,8.2635,3.6103,2.7451,3.6177,3.6016,3.8138,4.3702,4.6649,5.4196,4.023,3.6086,0,3.6156,1.0772,5.9623,9.3273,3.6106,5.6867,2.8844,5.1251,4.7031,4.1546,3.9145,1.2758,3.8581,10.9823,1.3743,3.0477,0.5636,0,13.8437,1.4188,5.5521
"ACTN2",2.6842,8.2626,1.8429,2.4357,2.1597,4.1198,9.1487,1.8824,3.901,1.6965,0,4.1041,3.3008,0.5259,1.5913,2.0122,2.47,2.6903,0,0.5553,4.4749,11.5389,5.891,2.4794,3.851,1.8067,3.1797,0.7464,1.1356,0,0,2.88,1.9166,0.9119,8.2436,6.768,0,0.6764,0.8703,4.0913,0.5896,1.4723,7.7045,0,2.1443,7.145,1.5922,1.6972,0,2.9217,1.2245,0,8.7242,3.238,5.4196,0,2.4941,7.8537,4.4023,0.799,4.6701,4.0736,0,5.0177,0,4.5257,2.1554,6.3352,5.0977,1.2758,6.2594,3.3388,0,0.6033,4.5228,2.8089,6.8401,2.7777,0
"CBS",6.9675,8.576,2.9008,3.2958,1.7277,6.2688,6.6642,2.0478,7.0169,1.9265,4.4922,9.3237,6.9448,8.4841,8.2392,5.9181,3.6639,4.4733,8.201,0.9553,9.9111,8.1172,5.6782,4.271,4.4791,2.2472,5.251,8.2729,6.0366,8.6336,10.1557,3.11,3.2212,4.3809,8.0632,3.3475,4.1546,7.0703,2.3619,7.2764,3.5361,2.8502,8.2283,4.9078,9.775,7.5383,3.8514,3.9955,4.4049,6.2776,10.6267,2.7667,7.0907,6.3833,8.4345,2.4914,4.5482,5.0025,8.604,3.6402,9.5061,8.6892,0,5.225,3.138,1.4302,6.733,6.6396,9.2035,4.783,6.1648,8.8486,2.6266,2.041,3.7472,5.5508,10.9665,5.1758,1.4333
"MFAP2",8.053,4.9494,1.8429,5.6771,0,4.1198,1.865,1.2287,3.084,4.4416,5.2718,8.3234,7.9232,7.4952,9.5636,2.3917,3.9326,9.2486,1.925,1.525,1.4204,4.033,5.0093,2.0183,1.9179,2.5842,3.3414,0,7.9864,1.3278,6.5615,4.6169,6.5182,4.2196,11.534,5.3368,1.138,2.375,4.4938,3.4631,3.0121,5.386,5.1731,0,3.2558,5.8603,3.917,6.4299,0.5249,0,7.5828,4.0845,5.9079,7.3499,1.9092,2.3676,1.11,1.2605,1.4738,1.9854,6.8787,3.4081,4.8598,2.8817,3.541,5.1251,0,3.2661,4.2171,1.2758,3.0037,9.7955,5.3368,2.7466,5.8669,6.0796,8.5577,4.6106,1.4333
"POU4F1",0,3.5496,0,0,0,6.8996,5.1439,6.9919,1.757,2.2992,0,5.9969,2.4402,8.4591,4.2569,0,0,1.7758,0,0,0.6405,5.2473,8.5103,0,2.2341,0.7001,0,1.8916,0,1.0049,1.9598,0.7103,0,0,5.4717,0,1.138,0.6764,0,7.9073,0,0,2.5374,0,0,8.6728,0,0,0,1.5257,0,1.9645,3.1692,1.5233,5.608,2.711,0,0,5.7477,0,2.8905,7.003,0,0.541,0.7734,0,4.8828,5.1665,2.8594,0,2.2571,0.8709,0,1.0274,6.4357,0,6.6288,0,0
"HAPLN1",0,4.6494,7.2015,6.1941,1.1084,7.7557,2.652,5.599,6.3135,0.6418,2.6727,4.2862,2.0353,4.7753,7.3581,1.4959,8.1618,6.3824,7.4543,0,0,4.777,7.6569,2.2672,0,5.312,7.5001,0,2.0677,6.8362,1.5493,5.268,4.6468,4.8015,5.7251,1.0564,0,0,0.8703,5.6068,3.6565,0,7.7211,0,5.4886,5.1217,5.4369,6.6606,5.3395,1.9332,4.9051,4.3124,5.7355,4.7924,1.5046,1.7275,6.8346,0,5.6659,3.2493,1.5873,8.8068,6.6448,3.1268,2.394,5.1251,6.8017,6.2148,5.1141,3.5725,5.3562,5.3933,0.4835,7.5379,5.0245,0,6.9853,1.4188,6.2284
"MYH4",0,0.5323,0,0,0,3.0703,9.7717,6.3742,0,0,0,0,2.9337,0,1.3843,0,0,0,0.5522,0,0,0,0,0.8179,1.2566,0,0.6205,0,2.0677,7.6962,0,0,0.9449,0,0.8275,0,0,0,0.8703,0.8498,0.5896,0,0,0,2.1443,2.0265,1.2286,1.319,0,8.1296,0,0,1.5085,0,8.1236,0,0.471,0,0,0.4542,3.2959,9.5418,0,0.541,0,0,8.5541,10.2055,1.5634,0,0.6229,4.2342,0,0,0,0,0,0,0
"LOC84856",1.6018,0,2.2872,5.7079,2.1597,4.4687,6.401,5.8548,7.6307,1.4227,3.5549,7.6186,6.8648,1.4641,5.2797,0,4.6438,4.4334,1.7361,0.9553,2.4518,8.3409,6.9908,6.7521,1.9179,1.8067,0.6205,2.6828,0.4844,6.1895,5.6197,2.2681,4.9356,3.5333,7.3682,3.1857,0,0.6764,0.8703,10.2403,2.8192,0.9163,2.5374,0,5.2062,4.5751,3.0684,3.3176,2.3072,1.5257,5.048,2.7667,1.5085,0.954,8.8919,1.7275,1.8887,1.2605,3.1214,2.1142,4.2813,9.0088,5.8348,4.0014,2.7387,2.6052,7.9891,0,2.8594,2.3961,2.4115,8.7837,0.845,3.5733,8.9919,5.0059,5.967,2.3741,1.4333
"SCT",7.4373,3.9335,0,0,0,0,0,0.5339,5.2109,0,3.5549,9.2805,5.9041,4.7282,7.2743,0,3.0241,4.7254,0,0,2.122,9.0441,1.2369,0,0.549,0,1.8825,0,1.1356,1.3278,0,0,0,0,1.7328,0.6228,0,0,0,0,2.0104,1.4723,0,0,0,9.0348,1.8824,0,0,0,1.6906,0,4.3267,0.954,0.9401,0,0,0,0,0.799,0,8.2832,0,1.2418,0,0,8.1731,0,0.4762,0.9616,0.6229,1.1656,1.5804,0,3.1124,0,0,0,0
"PLAC1",2.1349,2.5628,2.9008,3.4493,1.1084,5.4357,6.5221,7.1996,1.757,1.9265,0,2.1606,2.6583,1.8633,8.2218,1.1464,0.7212,10.8175,1.925,0.9553,9.3819,0,2.6842,3.4484,2.9037,2.5842,3.2628,0.7464,0.4844,2.7087,1.9598,0.7103,3.0705,2.3123,3.9743,0,3.4861,2.8036,1.4094,4.6477,3.3343,0,2.1256,0,2.1443,5.6238,1.2286,2.4555,0.5249,3.4418,1.4763,3.9555,5.7355,3.6685,10.8514,0.5482,0.471,0,4.2307,1.0772,2.8103,10.8085,2.2444,0.9336,1.2742,4.1658,5.9618,6.652,3.1411,0.9616,4.2751,5.3053,2.8016,2.041,3.8936,2.9172,7.3421,0,3.2484
"BARX1",0.7471,4.6998,1.1977,0,0,2.3863,4.8051,2.5671,2.9634,1.0844,0,10.6291,5.443,0.9103,5.071,1.1464,2.47,2.0109,0,0,0,3.647,4.2203,1.3366,0,1.1694,0,0,0,4.2187,0.9734,2.0637,0,0.5269,7.7726,0,2.2023,0,0,0,0.5896,0,3.5325,2.1204,1.4385,11.1219,0,3.8535,0.5249,0,6.6036,0,0.6915,1.7411,6.7675,0.5482,0,0,8.3913,0,0,5.5313,2.2444,1.8992,0,1.4302,5.9816,4.1891,5.4601,0.9616,2.551,1.1656,0,0.6033,0.5636,0.6286,2.2931,0,1.4333
"LAMA1",2.6842,3.7058,0,4.0863,0,6.0095,1.0406,10.62,2.2448,0,0,3.0579,2.3174,1.2137,1.5913,1.777,0,2.213,1.7361,2.2497,3.6708,2.7578,1.8929,0.8179,2.3696,1.1694,1.8825,2.5219,0,2.3298,2.7613,3.3083,3.8949,0.5269,5.1642,5.1075,4.1546,0,0.8703,7.1436,2.1807,2.6608,5.9323,1.0814,4.0844,8.3661,2.8167,1.6972,1.4622,1.9332,7.1702,2.7667,2.0269,2.8262,10.2919,1.5106,0.8256,0.4318,0.6713,2.6275,4.2813,7.6527,3.0835,0.541,4.431,6.8611,9.2546,1.1973,2.296,5.5532,2.9031,9.7841,3.9755,1.6214,0.9679,2.5645,6.7787,3.9285,0.8878
"SPP1",9.7274,11.1763,13.3198,12.0736,9.5421,13.1174,10.5923,12.9841,9.5657,7.3628,6.253,9.2616,12.168,11.2673,8.2373,10.0839,8.7276,9.8938,9.6592,7.5133,11.5134,8.5878,4.2203,7.8776,11.3044,11.8671,12.0612,10.271,3.2296,9.0555,8.0653,8.1469,6.3484,9.5179,7.9815,8.3678,12.1826,5.628,6.0171,9.7316,12.0867,5.0419,11.0048,5.2415,6.3264,7.981,6.9611,11.6498,10.4569,8.2369,11.1795,9.6736,9.853,6.9072,11.7361,9.3699,10.0469,2.7188,12.84,9.1799,9.1136,12.9222,11.3459,8.3401,12.1946,10.5743,12.0782,9.357,12.233,12.6243,11.23,12.2691,8.6874,14.901,11.0365,12.1064,11.8135,4.5604,11.8333
"FOXE1",0,5.3316,0,3.0297,0,0,0,0,6.8821,0.6418,0,5.7811,3.3642,0,0.4881,0,1.1999,0,0.5522,0,0,6.9649,6.5433,2.6643,0.9458,0,0,6.1864,4.389,0,0,6.7012,1.511,1.2156,8.3433,0,4.0007,0,0,4.5274,0.5896,0,6.9766,0,4.4279,6.9228,0,1.319,0.9089,1.7438,5.1956,0,3.3541,0.5544,4.715,0,0,1.2605,3.2165,1.0772,5.5823,6.7982,0,0,0.7734,0,5.4935,6.8429,2.4065,0,0,0.5002,0,0,0,0.6286,3.7624,1.4188,0
"ZIC2",8.2747,7.8699,3.5045,0,1.7277,5.1653,7.9624,8.0462,3.4853,6.74,0,4.2281,5.3205,7.686,6.3704,2.0122,0,6.4836,1.7361,1.2681,0,8.1541,5.3822,1.3366,3.7049,0,2.5452,2.1336,2.4302,6.1796,2.2791,1.5402,0,3.9987,4.0437,0,1.4859,4.1975,1.8009,5.7319,1.0069,0,4.8754,4.149,3.8761,6.4148,2.3306,3.696,2.8365,2.7307,3.7524,0,5.3128,3.238,6.9607,2.9016,4.6404,0,5.2825,5.356,1.5873,5.9026,2.2444,2.7898,0,1.4302,6.6236,6.4606,5.6062,0.9616,2.795,0.8709,6.7615,4.6067,7.4939,1.3997,2.1595,0,0
"ZIC1",2.6842,8.2793,0,0,0,2.3863,0,7.9657,0,3.3957,5.2718,1.7285,3.0919,7.5265,6.2304,0,0,6.684,0,0,0,3.647,0,2.9754,0.549,0,5.4415,1.8916,0,0.5882,1.5493,0,0,0,0,0,0,2.1982,0,0.8498,0.5896,0,0,0,0,7.1179,0,0,0,0,0,0,2.838,7.9756,3.2123,3.2206,0.471,1.0334,5.6659,0,0,6.3851,3.0835,1.2418,0,7.927,0.8982,0,0,0,0,2.2418,0,0,0,0.6286,5.1569,0,2.964
"TMEM151A",7.813,5.5117,6.4961,0,0,7.8839,6.5549,5.2373,1.0143,2.2992,2.6727,8.6416,6.1306,5.8838,2.0776,2.8213,0.7212,5.6111,2.3775,1.743,8.601,0.9713,4.4164,1.7173,9.3387,0.7001,7.4742,2.8275,0.4844,9.0446,7.7856,1.1842,0.9449,3.4774,7.4278,2.0839,2.9267,2.1982,0.8703,4.5021,2.8192,3.0177,3.3406,2.45,4.1321,6.8423,0,2.4555,3.4715,3.6177,4.3334,5.8113,5.0164,2.0977,1.9092,0,3.5142,2.4689,7.0758,4.3124,6.2925,5.2172,0,0.9336,1.6452,4.5257,3.9712,3.2661,3.4813,1.5336,6.8448,2.8513,2.5304,5.8083,2.4066,1.6711,1.451,2.1201,0
"FOXD1",8.0081,8.9117,4.3508,2.4357,0,7.535,4.3615,9.0397,8.0709,6.4005,0,6.0978,6.9396,9.4149,4.1299,1.1464,2.2903,5.3143,2.3775,1.525,2.2963,8.9865,6.4568,4.5311,3.2228,2.8572,3.2628,2.5219,2.3192,2.7087,5.077,3.5625,3.4823,3.8301,4.6886,3.5605,1.7661,3.0318,4.1344,6.8445,1.8172,4.4201,8.0144,3.4653,2.4753,8.4445,1.5922,3.0832,5.3079,1.5257,9.926,2.7667,5.9516,3.0052,8.3679,3.1472,6.2608,3.2815,6.5549,6.2913,5.5944,8.1459,3.6106,4.7994,4.0536,1.4302,7.1299,7.2301,5.4472,2.6349,4.3534,9.6808,2.9576,2.041,9.2751,5.2112,5.9367,3.3512,2.138
"ALX4",0,5.8159,4.2564,5.6615,0,6.419,0,5.8095,5.1706,7.353,0,1.3463,2.0353,5.01,6.7881,1.1464,0,4.5868,0,4.498,0,0.5659,4.4164,1.3366,5.6195,5.8225,7.1257,0.7464,4.214,2.3298,6.0131,2.7496,0,3.0094,2.4976,0,3.0363,1.9967,4.6447,6.0614,0,0,6.558,0,5.016,6.5763,1.8824,5.2048,3.6333,6.395,0.5317,4.5983,3.7334,6.9786,5.2028,0,2.3916,0,6.3606,0.799,7.0147,4.815,4.661,0,0.7734,3.2441,5.2856,2.7232,5.4342,1.2758,2.4115,5.2116,1.3743,6.7612,4.2959,1.6711,0,6.6158,0
"SHOX2",5.6589,2.6678,4.1552,1.9093,0,5.8065,5.2678,6.2006,7.3682,7.1909,0,3.1232,5.2551,3.8711,5.0182,0,1.1999,6.8523,0,1.2681,1.0825,7.0405,7.7688,2.4794,3.8039,2.2472,3.7399,0.7464,1.3764,0.5882,4.2709,5.0359,0.9449,2.7506,6.8043,0,0.6783,0,2.1085,5.5829,1.0069,0,7.3094,3.4653,0,6.4369,1.2286,0,0.5249,3.3113,7.1295,2.4206,2.9571,2.6217,6.8502,1.5106,3.8973,1.4566,4.2756,1.0772,0.8495,6.5334,3.9958,1.4957,1.9401,5.9546,5.8145,8.0881,3.3212,1.5336,2.0841,4.7159,4.3299,2.5041,6.958,3.0179,7.7491,0.8772,0
"RIPK4",0,1.692,0,0,0,5.5212,8.3905,6.0032,6.3319,0,0,6.8808,1.6842,0.9103,2.5439,0,1.1999,1.7758,0.5522,0,0.6405,3.1962,3.8648,0,2.0846,0,1.053,3.1909,1.3764,3.3307,1.5493,3.7785,0.9449,0.5269,5.7251,0.6228,0,0.6764,0,5.2893,0,0,7.4147,0,6.2201,4.1801,0,0,3.2892,0.9558,9.7483,0,2.0269,1.2665,5.967,0.5482,0.471,1.0334,6.2071,0,4.5269,4.2121,0,1.4957,0,1.4302,3.1332,4.1891,2.605,0,2.9031,0,0,0,7.9934,0,2.4154,0,0.8878
"HHIPL2",0,0,0,2.2806,3.1847,1.865,3.5324,11.2576,0,2.1249,0,1.5501,2.1833,5.5997,1.933,0.6842,3.0241,0.6836,0,0.5553,2.4518,2.5368,3.1924,1.7173,0.9458,0,4.0518,1.8916,1.1356,0,5.7545,2.2681,1.511,2.435,3.251,2.0839,0,1.1351,0.8703,3.8316,2.1807,0,1.2878,4.6755,0,1.4629,0.7413,2.6399,1.861,0.9558,4.0909,0,9.8375,0.954,7.8089,0.5482,0.471,1.0334,4.7586,1.687,1.9285,8.4558,2.2444,0.541,0.7734,1.4302,0.8982,8.2191,4.4152,2.2601,1.3896,3.1496,2.5304,1.8464,10.1213,1.6711,5.7633,0,3.2484
"PNCK",5.7344,6.213,2.6263,3.124,2.7613,7.5594,5.9977,8.4264,3.7633,0.6418,0,10.0619,3.5392,5.0296,3.8366,5.2938,3.0241,6.8897,0.5522,3.0894,2.122,1.5466,2.6842,4.6673,0,3.189,0.6205,2.1336,2.9605,3.0086,4.3411,1.5402,2.2328,3.4774,5.7251,2.2568,3.7012,0.6764,0,0.8498,4.8206,0,4.2676,1.0814,0,5.9347,1.2286,7.7766,2.1732,1.9332,0.9193,0,8.3421,6.9461,8.3168,4.6462,2.4941,0,9.4865,3.4086,2.073,4.7857,2.2444,7.6394,1.9401,2.9597,4.3831,5.0016,7.2586,0.9616,4.3148,2.6753,2.1964,3.9087,4.7189,0.6286,3.7624,4.7062,3.5915
"HOXD13",4.2718,5.5534,0,0,0,5.0318,6.7658,6.4277,5.7376,0,0,1.109,2.0353,6.7647,4.5819,0,0.7212,6.0674,0,0,0,4.5883,5.6394,1.7173,0.549,0,0,3.5658,0.8465,2.3298,2.2791,1.5402,0,1.4662,4.2339,0,0,1.4826,0,5.9904,0.5896,0,5.5289,0,0,7.9377,1.5922,0,0.9089,0.9558,0,0,1.7908,0.954,7.0027,1.5106,0,0,1.7527,4.0477,2.7254,7.1766,1.5206,0,0,2.9597,0.8982,5.6724,0,0.5595,1.3896,7.3343,0.4835,1.0274,3.8464,0,0.9006,0,0
"C16orf73",2.3632,7.8968,6.0891,6.1946,4.5214,3.3327,1.6631,0.5339,3.6732,5.3282,0,7.8852,4.2109,4.0349,0,1.7847,0,2.8792,0.5567,1.2681,6.3582,0,1.2369,0.8179,2.2426,4.326,4.1533,6.192,5.0866,2.3298,2.2791,2.287,0.9449,2.9356,7.6638,0.6429,4.7869,0.6764,4.7005,6.21,0,0.9163,5.1767,1.1041,4.861,7.3315,4.8521,0,0.9123,0.9593,0,5.4023,6.8658,4.7121,2.3895,0,1.5664,0,3.6191,2.6275,6.8342,3.2541,2.2444,0,4.431,0,2.4412,5.3394,7.3709,3.5851,2.4217,0,0.845,0,1.542,5.2999,0.5195,2.9438,0
"DKK1",3.392,5.0884,4.7481,0.6335,4.8453,3.3942,4.3981,5.7019,4.6322,3.0502,3.5549,4.5225,5.6092,1.2137,2.4407,3.0499,3.3335,2.0109,4.4885,5.6922,0.6405,6.2282,4.5052,5.6605,4.6749,1.8067,6.2216,1.2358,2.8845,7.1846,0.9734,2.7496,3.8949,7.4665,6.6348,1.0564,1.4859,0.6764,1.4094,8.9507,5.8209,0.9163,3.1968,1.6925,4.5732,11.3235,2.1238,3.2052,2.6474,0,7.2442,8.0742,3.3541,5.1757,3.9298,3.4207,4.3162,1.2605,5.7477,4.2294,7.3733,2.1354,2.7241,2.2142,0,2.1342,3.5065,6.2148,4.8266,0.9616,2.2571,4.2021,6.2298,2.9541,7.3867,3.8732,7.4172,2.59,10.7683
"GLB1L3",0,6.4742,0,0,0,0,0,0.5339,4.1968,0,0,0.8248,6.0169,0.9103,4.1627,0,0,0,0,0,0,5.9873,5.0093,5.0123,0,0,0.6205,2.3408,7.9142,2.3298,0,0,0,0,6.128,0,0,0,0,0,0,0,2.2763,2.9442,1.4385,2.1742,0,7.4465,0,0,6.1214,0,1.1571,0,6.1273,0,1.11,0,0,0,0,7.9286,0,0,0.7734,0,0.8982,6.1017,0,0,0,0.5002,0,0,1.542,0.6286,5.7633,0.8772,0
"ARHGEF4",8.416,4.3032,1.1977,4.3033,1.1084,2.7685,6.033,3.7105,5.5927,4.7122,2.6727,7.9305,6.0267,4.5501,6.4051,5.9035,6.5607,2.9386,5.1687,6.205,1.0825,3.7013,7.6275,2.8283,5.0012,0.7001,5.5111,6.9658,4.8546,6.6244,3.8567,6.5721,7.8247,4.3809,7.5037,0,5.3009,2.1982,4.4938,6.8595,7.5987,0,6.832,8.4059,5.6932,6.2581,4.1532,7.4951,3.4132,2.5105,9.8127,5.6116,0.6915,6.4389,8.1681,0.9446,4.5482,0.7638,7.9408,7.168,1.3806,7.1072,4.2995,2.5862,1.6452,5.4387,6.6486,6.1723,5.4472,2.9322,3.9108,1.6192,6.6458,0.6033,6.0756,4.9043,3.9762,3.0928,6.7224
"LHX2",3.0811,7.7614,1.1977,6.6863,1.1084,3.0703,4.3239,0.5339,2.7612,2.9492,0,5.8406,6.9344,3.2921,3.359,1.777,1.1999,2.3902,4.5757,0,0.6405,6.1716,0,1.3366,1.5122,1.8067,3.7968,4.1651,0.8465,7.6608,0.9734,3.2125,0,0.5269,7.4788,1.0564,0.6783,0,1.4094,7.6637,0,0,4.7262,0,2.6161,6.0539,0,0,2.8365,1.7438,3.6537,4.2029,4.0867,5.0178,5.435,0,2.0318,0.4318,1.4738,4.5812,4.6239,6.5422,4.2995,0.9336,0,0,5.1518,6.0926,2.7795,1.2758,0,5.0405,0.845,2.5041,0,0,2.4154,0,0.8878
"NXPH4",7.2887,6.3999,2.2872,3.3746,2.1597,6.1342,3.9818,3.9799,8.0152,3.7956,3.5549,9.914,8.1379,6.0462,6.2611,3.0499,2.9042,5.4404,3.714,2.0998,1.0825,1.7662,4.9472,1.7173,1.2566,2.4255,4.559,7.9561,3.1013,6.7845,2.953,4.6898,4.1417,3.1593,10.2363,1.8874,2.808,0.6764,0.8703,4.3113,2.0104,2.6608,5.966,1.0814,7.4456,6.8588,1.5922,2.2442,2.1732,2.1005,4.4556,4.0845,1.5085,3.3746,7.0634,2.4914,1.7298,1.4566,9.5472,1.8439,5.7313,4.1212,5.1146,2.2142,2.5766,6.1737,4.9244,3.6096,3.8376,4.2117,3.1859,9.5264,4.6603,2.3656,3.4006,2.0966,6.0353,0,3.486
"DNM1",11.1283,7.0513,4.0465,5.782,5.5263,5.3635,9.5878,5.3043,4.7462,4.1545,6.0338,10.4398,10.8179,6.4388,5.1549,6.1453,7.9774,5.4404,8.5612,2.0998,7.3787,5.2473,7.2442,3.5458,5.7982,4.5537,6.6729,8.3825,5.778,10.4144,7.6118,4.1839,4.064,3.4774,12.2511,7.9401,3.0363,6.7154,4.3253,6.7984,9.5529,5.0803,6.5056,9.4528,7.6354,8.2708,2.5114,5.4466,4.6003,4.8439,9.4542,5.3287,7.2796,6.9946,6.3385,2.9882,4.8089,9.9704,5.941,10.4503,5.3888,11.1908,3.816,5.9953,3.9906,4.1658,9.498,7.3107,8.4825,3.8816,8.2348,11.078,5.8059,4.6961,4.7448,5.2112,8.139,3.9285,6.5628
"AMH",7.9851,8.9117,2.9008,5.4951,2.1597,7.9836,6.2389,5.983,7.1122,3.9075,2.6727,6.6785,6.4484,8.4318,3.7954,1.777,7.9921,6.7092,8.3258,3.3104,4.827,6.1907,5.126,6.4587,3.8039,6.6926,9.0883,8.1544,0,2.4674,2.7613,7.7968,4.9785,1.6798,9.5597,4.1487,6.7769,3.2287,3.6546,7.0242,4.6571,3.4277,7.6811,2.1204,4.9106,3.1546,3.2828,6.9754,3.7318,5.388,1.6906,5.0413,3.5934,5.6631,8.6511,0.5482,4.595,4.3357,7.6614,6.6513,6.4727,5.5833,5.2624,0,3.6264,5.5987,8.2488,7.5183,6.736,3.5725,7.2499,5.9426,4.9289,4.6669,7.7683,2.4247,3.2734,1.4188,8.5349
"FOXD3",0.7471,6.0766,5.2674,0.6335,0,6.177,0,3.7105,7.5649,7.0083,0,2.1606,0.9149,0,1.3843,0,0,2.0109,0,1.2681,1.0825,6.3264,5.181,1.7173,2.3696,0,1.6552,0,0,2.0073,0,6.2611,0,0.9119,4.2921,0,0,0,0,6.1291,0,0,5.4676,0,1.0978,5.7586,0,3.6103,2.1732,0,2.1905,3.4802,1.7908,1.2665,4.3099,2.3676,0.8256,0,1.4738,0,4.7367,4.9531,0,0,0,0,5.8795,4.1891,1.5634,0,0,0.5002,0,2.2124,7.1929,1.0651,2.2931,0,0
"WNT10B",4.8488,3.3745,0,2.4357,2.7613,2.652,4.7208,5.185,9.1035,1.0844,2.6727,7.1355,5.4133,2.8393,3.7092,2.0122,1.1999,0.6836,3.9928,1.2681,1.4204,2.4122,2.3422,4.1523,1.9179,1.523,3.6807,6.0748,1.3764,3.0086,4.9922,2.0637,1.9166,2.1783,3.9014,2.9028,2.9267,0.6764,0,5.4568,1.0069,0.9163,5.7382,1.6925,5.8151,6.2498,1.8824,1.9964,2.0256,1.5257,3.1732,0,1.7908,0,5.404,1.9161,2.991,0.4318,5.4086,1.9854,1.1394,13.0421,9.0396,1.2418,1.6452,2.6052,5.0426,4.6015,3.4813,0.5595,0.6229,5.1286,1.7608,0.6033,3.1124,2.6919,3.7624,1.4188,0.8878
"CDCA7",9.3067,7.4624,2.6263,4.9434,2.7613,6.392,6.2885,7.1685,4.5297,1.4227,2.6727,4.1674,6.627,7.547,5.071,3.9027,1.1999,9.01,1.5185,3.3104,1.4204,2.4122,6.7932,3.109,2.0846,6.0971,3.6189,4.9456,4.3613,5.5642,3.9496,6.237,4.4163,3.4774,7.2111,4.2748,3.3226,2.5324,4.8241,6.9698,3.7676,1.8726,5.3017,1.0814,5.2927,6.3542,3.4693,1.9964,2.0256,3.9159,10.3928,4.3124,6.9181,8.5251,5.6482,3.1472,2.2814,2.5571,3.1214,8.3013,8.4784,6.5768,3.6106,4.542,4.9445,4.8135,0.8982,7.8147,5.535,4.1744,3.4223,7.9249,5.4724,4.1806,4.0265,3.8732,9.8743,4.0057,0
"FAP",6.4456,6.531,4.6769,6.8878,5.7597,6.3829,3.2413,7.8996,4.6903,7.6062,3.5549,4.6162,6.4987,10.0035,5.0001,3.5756,0.7212,10.6777,4.0749,4.6132,3.6061,5.943,10.8704,5.3725,3.5424,4.9821,4.8282,3.0796,0.4844,5.4189,6.8293,3.3981,8.6985,8.1087,5.1327,3.422,5.0882,4.9499,4.6447,5.1332,3.5361,6.222,4.5889,2.7182,6.0064,7.1628,4.0399,8.8594,4.0319,2.1005,8.2458,4.5983,8.4115,5.079,7.7016,7.8474,5.1285,1.2605,3.5441,4.7294,3.5639,5.7892,8.1835,4.0418,6.9755,5.3812,4.3221,7.7264,6.8032,7.3862,4.149,11.6075,9.1054,7.2139,4.8915,5.584,10.1456,5.0356,8.6432
"DLX1",8.2001,5.6072,0,1.0721,1.7277,1.865,3.8819,5.6642,5.9188,2.9492,0,1.109,3.6953,6.2927,2.7305,2.2144,3.3335,4.8519,1.2623,1.2681,1.4204,8.7782,5.6394,0,1.5122,1.1694,2.2515,0,0.8465,1.0049,4.8061,3.3981,4.2154,2.7506,6.8143,2.2568,0,1.1351,1.4094,5.1496,1.0069,0,5.3703,0,0,7.7938,0.7413,0,4.3747,1.5257,0.5317,0,4.4125,1.9304,4.8126,1.2552,3.36,1.0334,1.4738,1.0772,3.0387,6.9966,2.2444,1.2418,0,2.1342,5.1864,5.5181,0.4762,2.2601,2.2571,7.3306,3.2867,1.3548,3.7977,1.6711,3.9762,1.8117,0
"KREMEN2",5.8577,6.0574,5.5323,9.7443,2.1597,5.4705,4.1198,4.8006,10.2991,6.1842,0,10.587,7.8993,5.3736,6.536,3.0499,1.5587,6.7009,3.813,6.0804,0.6405,3.4068,9.065,5.9547,4.354,2.8572,5.5937,6.252,5.2216,5.3133,2.5403,6.3871,9.8066,5.5631,8.4204,1.3894,2.808,1.1351,4.7813,3.1079,2.7121,2.6608,6.5799,2.7182,8.0865,6.6726,3.7827,7.2479,4.1436,5.1605,3.2428,5.1036,4.0335,6.1269,7.9388,6.0882,5.7728,1.0334,4.4421,6.5694,3.7036,4.8995,6.7981,2.8817,3.541,5.0533,4.8828,5.4199,5.6405,4.4493,4.3148,4.2342,9.2892,5.5289,4.4616,3.3624,4.4177,3.8469,9.0884
"SYNGR3",5.0394,8.7773,6.9071,4.1324,2.4917,4.7208,6.497,4.3081,6.4375,5.0168,4.4922,10.8541,7.6327,6.26,2.7305,4.3082,3.5081,4.4733,0,4.1994,3.23,0.5659,3.9933,4.2129,2.8115,4.4749,9.4055,6.4772,3.2296,4.4688,3.9496,2.88,6.8658,4.5533,8.3085,4.2748,4.8081,1.1351,3.4512,4.9394,1.0069,6.2391,4.9889,0,8.8719,9.5066,4.1532,5.4952,6.7732,1.2687,4.1645,5.2756,4.5324,4.1211,6.7735,3.7027,7.4039,1.6293,6.6853,1.5109,4.6472,2.3101,2.2444,2.4725,1.9401,2.9597,5.8145,6.0463,8.9804,6.3578,3.0977,4.5471,3.3999,4.6669,4.8915,3.2837,8.1697,4.2152,3.3721
"PTK7",9.5442,7.6915,4.3508,7.9411,5.4896,5.5377,11.2868,5.8548,9.369,10.0596,6.0338,9.6878,7.4104,5.9469,10.9165,6.0024,7.558,11.9519,5.0519,5.0204,2.4518,9.143,10.6174,5.2621,4.9802,4.2086,5.3494,4.5873,6.3506,7.0758,8.2271,6.2491,8.3474,6.9893,8.8778,9.7518,5.2102,3.8237,7.0696,6.3438,6.0248,6.5974,6.0416,2.45,7.8142,9.4624,9.0956,8.2217,4.2801,5.3717,11.149,5.6948,5.0964,6.9351,9.1376,6.6023,5.1285,8.8743,4.5555,4.882,7.1552,10.4328,10.5418,4.0811,6.1253,7.039,6.0953,8.1242,6.3908,6.8944,4.862,13.2608,8.3429,6.7886,10.1169,6.77,10.249,8.3473,4.7285
"DLGAP5",8.0713,8.5228,6.1203,4.5267,3.3574,8.9457,7.7236,8.4151,5.4763,6.4005,3.5549,5.1425,8.9733,9.0511,5.9114,3.2472,0,9.7427,6.4701,5.5975,1.4204,4.1152,6.6446,5.475,2.2341,6.8726,8.5364,6.5727,5.4626,7.1286,6.4859,7.0927,3.7033,3.8742,8.1245,5.9669,6.6184,1.4826,6.525,9.1492,6.1835,2.6608,7.7045,1.6925,5.016,9.1497,5.7744,3.9263,4.7723,7.4145,9.7265,7.1768,8.8488,9.5913,7.4368,3.9813,3.4646,2.6402,6.2526,8.0345,9.7372,8.3117,6.98,6.7044,8.2575,4.5257,7.112,8.8817,6.4883,5.1723,7.3583,7.4921,5.4594,4.9834,6.3788,3.112,9.1375,3.0928,6.2447
"COL7A1",5.234,4.6998,3.3299,5.0189,3.3574,5.4876,7.687,7.1459,4.5083,1.6965,2.6727,9.8491,3.8801,5.7249,5.0182,2.0122,7.1339,3.335,1.925,5.197,7.8108,6.7499,9.3583,3.4484,3.9836,4.8,5.3303,6.552,4.4162,7.8615,7.2953,7.4589,2.4919,2.7506,8.5393,6.1091,4.499,1.9967,0.8703,5.5585,6.545,0.9163,7.6012,7.4521,2.1443,3.8253,2.6721,4.8409,2.1732,1.7438,10.8468,2.7667,6.2717,5.1378,8.1189,1.2552,4.0396,2.6402,6.4707,5.9292,3.9851,5.3229,6.0536,4.2285,3.138,3.4815,7.66,6.81,4.3885,2.8397,4.835,8.1267,2.0652,3.2184,8.4371,4.2076,7.82,5.142,5.7474
"MEIS3",6.8107,5.3155,3.1313,6.0334,2.4917,7.489,7.8935,5.0743,9.9223,3.7362,5.9102,10.9981,7.711,5.2949,5.5882,4.6937,3.8045,6.3399,3.3014,3.5019,6.4896,4.1547,9.6145,5.1734,3.1494,5.2891,9.4214,1.6007,7.0862,4.4688,7.4384,5.1947,8.5246,4.9322,11.211,5.823,3.1382,3.7615,7.4707,7.5754,4.2225,5.8527,9.1339,3.1396,6.3767,6.8088,2.3306,4.7636,4.2472,3.6177,4.1282,5.5682,3.7987,5.6764,10.0787,3.4817,5.221,4.8538,8.434,4.0477,7.3767,6.2629,5.5192,5.3266,5.7975,3.6853,8.7806,8.2128,6.7981,6.9835,3.8033,10.6976,6.5325,3.8579,10.6846,4.956,8.6194,4.5083,2.964
"DOC2B",4.7061,7.6852,0,2.4357,1.7277,1.3705,1.0406,9.7771,7.9312,6.173,0,7.7993,3.8801,6.4749,5.921,0.6842,2.47,3.779,1.2623,2.0998,2.946,5.2473,5.126,2.4794,2.2341,2.0437,0.6205,2.6828,7.2464,5.8425,6.6049,2.2681,4.064,2.1783,4.4019,3.0974,2.9267,2.375,2.9307,6.0264,1.3302,0,4.1159,1.0814,1.0978,6.6156,1.5922,3.3176,1.2119,1.5257,1.2245,0,4.6431,4.5827,4.3752,3.5964,1.5512,7.1706,1.9864,1.3102,5.4694,5.1267,2.7241,0.9336,2.8844,0,3.2686,4.0078,6.8674,4.5693,0.6229,1.4102,2.6266,3.371,0.5636,1.6711,2.5281,3.2278,4.0273
"EPHA3",6.0472,7.6536,3.8008,5.0432,2.9885,5.5541,2.3863,6.3897,4.8855,10.2719,5.4598,5.1267,8.4598,5.5051,8.1043,2.2144,4.4857,4.0667,4.5757,0.9553,0,6.2826,3.9933,7.1739,0,2.2472,6.0567,5.4038,4.1505,5.4853,7.156,4.7927,6.0987,5.7984,4.4019,2.2568,0,1.7624,4.1344,5.8964,2.4707,2.1856,6.0521,0,8.4834,6.2498,4.8005,4.7636,2.5427,4.163,1.8772,6.113,3.1692,5.7155,2.7031,6.1077,5.8712,2.2745,6.1955,4.8267,4.4228,5.6335,8.6675,0.541,5.2966,4.9777,5.6752,5.1314,9.4797,5.731,4.4277,8.081,4.3859,5.6532,2.2703,5.8933,6.2963,7.645,2.3928
"PNMA2",4.3216,9.3199,3.9289,1.9093,2.4917,5.4001,2.8763,7.5697,8.1849,3.0502,4.0984,8.4256,8.5079,4.7041,3.6641,4.9417,6.9032,3.7138,6.6213,3.1669,2.946,4.9439,4.7431,4.4326,2.6074,5.038,8.1859,6.9181,6.293,6.032,5.7285,5.4258,5.3166,4.8015,7.334,3.5605,8.6957,4.2886,3.5565,7.4943,3.7132,1.4723,8.8824,2.1204,10.6995,5.2604,3.9798,7.0505,5.0265,2.7307,9.0484,1.9645,6.5714,6.873,7.4329,3.2904,7.5802,4.4086,6.1359,1.687,8.4406,7.0093,3.6106,4.4845,3.6264,2.6052,7.019,7.4874,9.322,3.4527,3.6871,9.2413,3.6491,4.0511,4.5816,6.1808,8.978,2.9438,2.964
"MUC1",5.2078,5.3788,2.9008,2.2806,2.7613,5.5377,6.7517,5.2544,3.395,1.9265,0,5.1582,6.3501,6.6745,4.4286,3.0499,2.9042,3.0484,2.0921,0.9553,2.5921,8.5044,8.6917,4.5311,2.0846,1.8067,4.2684,4.5461,2.8845,7.1441,4.6487,3.3981,3.0705,3.3584,5.195,4.8347,2.2023,2.375,2.1085,0.4866,5.5053,3.1676,1.9572,4.7963,1.9451,6.3696,0,5.4952,2.8365,0,12.5518,0,5.1474,4.4026,5.3563,2.9882,3.4132,1.0334,7.2985,6.8541,3.5141,4.9531,3.371,5.3429,2.1848,2.1342,4.8828,4.41,5.0811,0.5595,5.2165,7.1318,3.1639,1.6214,2.4066,4.1197,6.5708,2.3741,5.0944
"EMX2",0.7471,3.102,1.1977,0,0,3.9327,5.1001,1.8824,4.7462,1.4227,0,0,5.4576,0,1.5913,4.1691,2.7735,0.6836,0,0,0.6405,1.9567,3.1924,2.2672,0,0,5.5937,0,1.3764,4.4688,5.2695,3.6381,0,1.6798,8.1205,1.8874,0.6783,2.1982,0.8703,4.8215,0.5896,0,2.4127,0,7.6802,5.2604,0,0,0.5249,0,0,1.9645,0,7.4881,3.6941,1.7275,2.991,0,5.5058,0.799,3.2959,3.2455,0,0,0,0,0.8982,0.8969,4.8066,0.9616,1.3896,5.2592,0,0.6033,0.5636,1.3997,4.4751,0,6.1614
"GPR153",10.0341,8.2605,2.6263,5.5807,3.3574,8.4935,1.0406,10.2254,5.9429,5.6036,4.0984,9.5046,6.219,8.477,7.6804,3.5756,5.5759,9.3337,5.1499,3.6168,6.6825,4.802,8.6386,7.2041,4.5663,3.7541,4.1857,5.0377,8.6781,9.5166,6.8293,5.1437,5.3497,5.0132,9.2412,5.9418,6.7769,3.6282,4.4938,5.7427,7.7719,6.662,6.5132,5.1983,6.3264,9.9287,4.0399,5.5878,6.3606,7.8442,11.4898,5.4771,8.8196,5.9413,9.4916,7.3714,6.2825,5.079,7.5564,4.416,7.7861,9.2597,6.4113,6.6532,4.3828,4.5257,5.1864,5.7553,8.1604,6.6304,7.9083,12.1742,4.8712,3.371,5.0245,5.0059,8.0403,3.5703,2.7975
"EMX1",7.4145,1.2257,0,0,0,3.8819,0,4.0978,0,4.1991,0,6.2518,0,0.9103,0,0,0,2.8198,1.925,0,0,5.3528,5.0093,1.7173,1.2566,0,1.053,0,1.1356,0,1.9598,0,0,0,2.2848,0,0.6783,1.4826,0,6.7932,0,0,2.1256,0,0.6509,6.0634,0.7413,0,1.2119,0.5556,0,0,2.0269,0.954,3.8856,0.5482,1.7298,2.1666,1.1276,1.687,2.5389,5.682,0,0,0,0,4.8828,5.4628,0,0.9616,0,0.5002,0.4835,8.8697,6.3453,0,0.5195,0,0
"CACNA1E",1.2369,4.9284,1.1977,0,1.1084,2.3863,0,12.0826,1.2387,0,0,1.3463,1.8704,0,0.8522,0,2.6297,2.213,0,0.9553,1.0825,0,0,0,4.1807,2.8572,0.6205,2.1336,4.2447,0,0.9734,1.8256,0,1.4662,2.2848,3.9614,2.9267,1.1351,0,0.4866,2.0104,0,1.2878,0,1.4385,0,4.6153,0.8053,0,5.0214,0.9193,0,0,0,6.2629,0.5482,0,0,6.0222,1.0772,1.3806,5.1498,0,0,2.8844,0,0,2.8144,3.1411,0.5595,3.2691,8.4646,0.4835,1.3548,0.5636,0.6286,5.5261,2.3741,0
"TNNT1",2.3422,0.9203,1.1977,0,0,2.0605,5.2874,2.4537,0.4222,0,2.6727,7.7867,4.0047,0.9103,1.933,0,0,5.023,0.5522,0,0,0,0,0,2.9903,3.189,2.789,1.8916,0,3.5325,2.2791,0,0,0,5.2548,0,0,0,0,0.4866,1.0069,0,3.037,2.45,1.4385,3.2241,0,0.8053,0,0.5556,5.213,0,2.0269,0,7.9866,0,0,0,1.1276,3.9475,2.8905,1.9366,0,2.3491,0,3.8639,0,5.2505,0,0,1.3896,8.1331,0,0,1.2833,0,8.3795,0,0
"TLL2",2.9606,8.0361,3.3299,6.7977,0,3.7177,10.0744,2.4537,4.3964,1.0844,4.0984,4.0714,5.5828,2.6501,2.4407,0.6842,1.5587,1.4948,5.6426,0.9553,2.2963,4.3025,3.8648,3.8807,3.3592,2.8572,3.7399,5.7142,5.5389,4.2572,2.7613,5.8162,4.2154,2.7506,7.1177,0.6228,5.0882,1.1351,1.8009,3.4631,2.4707,0.9163,4.8027,0,5.9139,5.5309,1.2286,6.4547,2.7451,3.2413,4.4556,3.6566,4.2818,1.2665,4.1696,0.9446,6.224,0.7638,9.1071,3.9817,6.3433,3.3291,3.0835,0.541,1.9401,3.4815,1.8445,4.2228,5.7176,1.5336,4.0109,7.4031,2.1964,0.6033,1.542,1.0651,2.5281,0,1.8282
"TBX1",4.7431,5.6072,1.1977,2.4357,2.1597,1.0406,0,0.9227,1.604,0.6418,0,8.6276,3.0919,4.6292,1.933,2.2144,2.47,1.4948,2.0921,1.2681,1.9238,5.4825,9.3005,0,1.2566,1.523,1.6552,0.7464,3.6973,4.8674,1.5493,1.5402,2.7116,3.2287,8.6153,3.6868,0.6783,0.6764,4.2008,3.2363,3.7132,1.8726,0.5661,1.6925,3.0724,9.6554,1.8824,1.6972,1.861,1.5257,3.6537,3.2792,5.0703,3.0871,4.3099,2.0828,0.8256,0.4318,2.1875,4.6466,0.4865,5.1031,0,1.4957,0.7734,2.1342,1.8445,2.2867,2.296,2.741,0,2.8513,3.0297,0,3.19,1.0651,8.2209,2.59,0
"SLC4A1",1.2369,2.1921,1.8429,0,0,2.7685,4.9354,8.8595,0.4222,1.0844,0,1.8874,1.2192,6.9455,1.3843,1.1464,2.47,5.4202,0.5522,0,3.047,0.5659,0,1.7173,0,1.1694,1.3853,3.1909,0.8465,4.1792,8.9264,2.6062,0,0,4.8131,0.6228,1.138,0,0,4.3113,4.9202,0,1.2878,2.1204,0.6509,2.3082,0.7413,3.2052,1.6753,0.5556,1.8772,1.2936,5.8629,1.9304,7.9171,0,1.11,0,1.7527,1.9854,2.4358,5.3024,1.5206,1.7115,1.6452,0,2.1554,6.9574,2.5092,0,1.66,3.506,1.3743,0,0.5636,0,5.3533,2.3741,2.3928
"SLITRK5",0.7471,0.5323,0,1.0721,0,3.3198,0,3.6603,4.2749,6.5886,0,7.8436,3.6451,8.3152,0.8522,2.3917,0,6.3399,0.5522,0,0,0,1.8929,0,1.7292,0,3.5544,0,0.4844,0.5882,0,0.7103,0,0.5269,5.8466,0,0,0,1.4094,0,0.5896,4.1586,0.9717,1.0814,3.8189,4.1085,0.7413,0,0.5249,0,0,2.4206,1.1571,3.238,0,1.2552,0.471,0.4318,2.3639,0,5.9055,0.6467,0,0,0,0,0,0,5.8507,0.5595,2.795,4.5974,0,2.7466,3.0304,0.6286,6.8013,2.1201,1.4333
"CHD5",3.6477,2.7657,4.6769,4.3033,0,3.8292,2.2326,1.2287,6.536,4.7122,7.0812,8.6472,5.443,1.2137,7.0428,1.4959,3.1348,2.0109,1.7361,0.9553,0.6405,5.5282,7.8389,2.8283,3.1494,3.6857,4.3844,5.0377,3.6056,3.7639,0,2.447,1.9166,0.5269,7.313,0.6228,2.3791,0,0,1.381,1.5942,0,8.2003,0,2.3193,6.2076,1.8824,4.9142,1.6753,0.9558,0.9193,3.2792,1.7908,0.954,3.5317,0,3.36,0,2.5211,1.0772,4.0564,5.2172,1.5206,0,1.2742,2.9597,3.6122,1.8425,2.8594,1.9421,0.6229,2.2418,0.4835,3.509,1.9516,3.5757,1.451,3.3512,2.3928
"PRR5-ARHGAP8",0,0,0,4.7536,0,5.5605,0,4.9294,0,0,0,5.9143,0,0,0,0,0.7212,2.3836,0,0,0,0,3.203,1.4171,6.61,2.4455,4.997,2.4699,0,1.1163,2.7878,0,0,0,6.4917,0,5.6686,3.4635,3.3529,0.5152,0,0,3.4751,0,0,0,0,0,0,1.0764,0,0,5.1034,0.5863,5.4585,0,0,0,0.6713,1.5015,2.7254,3.1659,0,0,0,0,5.9646,4.2886,0,0,2.2423,1.5474,0,0,7.2347,0,0,0,0
"C9orf109",2.1349,7.3875,1.8429,3.2958,2.7613,6.4715,6.0561,6.8757,7.4377,0.6418,0,3.2456,4.044,2.1757,2.0776,3.3366,0,2.8198,6.807,1.525,2.5921,5.4979,6.5221,3.7229,2.9037,0.7001,3.9552,1.8916,0.4844,8.3294,5.3051,2.9995,3.3577,2.6529,4.8131,2.0839,3.7012,0,1.4094,3.1079,2.4707,0,6.8501,1.6925,3.2558,5.5446,1.2286,4.55,1.6753,1.2687,5.2808,3.2792,7.8442,2.7275,6.3221,1.2552,4.3977,1.0334,1.7527,1.3102,0.8495,5.4774,2.2444,1.4957,1.6452,3.2441,5.0426,4.8372,2.5092,1.5336,2.6781,7.3637,2.4274,1.0274,2.1197,1.8994,4.7553,1.4188,0.8878
"MYBL2",10.0294,9.2955,5.4493,6.2785,4.0026,8.1857,7.6457,8.6342,5.1292,9.0902,6.0338,6.7422,9.0822,9.6698,8.3341,4.6595,3.9326,11.4486,5.5737,6.7109,2.5921,4.2669,8.5733,5.6386,3.4839,8.1994,9.0711,5.7142,3.8647,9.4339,7.8352,6.0279,5.6178,3.7378,7.0933,7.2496,4.1051,1.9967,7.7006,9.1664,6.7347,4.4201,5.1538,3.6042,5.394,8.7425,7.2931,4.8409,4.2801,5.8889,10.1388,7.2335,8.445,8.6346,8.5836,4.4156,4.1378,4.2324,6.1955,7.3025,9.7956,10.2849,8.1073,5.8435,7.3651,6.1394,8.3207,11.0064,7.2137,6.508,6.7394,8.4997,7.4145,5.3384,7.6428,4.2497,10.6817,5.8346,7.3297
"EPR1",9.0768,8.3824,6.7991,5.0764,3.8351,9.2681,8.8237,9.5353,6.073,8.0845,6.1476,5.7652,9.4897,8.4166,6.4911,5.7375,1.8168,10.723,6.0278,6.186,3.7764,0,6.7434,5.2276,4.212,7.3686,8.4081,6.3001,4.9681,8.0628,7.7538,7.0033,3.9555,4.0803,7.5707,6.7264,6.2313,2.6443,7.6961,9.7536,5.997,1.706,6.7033,2.0128,5.42,9.5492,7.0261,6.886,4.556,7.5334,8.4503,7.3798,8.1476,8.7101,8.6373,4.6944,4.888,4.6086,5.9945,7.9445,8.8185,9.1581,7.0652,6.8705,7.3392,4.8995,8.7225,9.8662,7.2829,6.3585,8.0655,9.3504,7.6569,5.9582,7.4965,4.152,9.069,4.7784,8.1605
"CNTNAP3",1.2369,7.017,0,4.9942,3.6508,3.5324,0.6121,2.6722,6.0651,2.4547,4.8012,7.7664,9.2739,6.5171,3.7092,3.9601,3.8045,6.7983,5.7958,1.9324,4.1049,6.9923,7.6176,3.8807,2.7131,2.8572,7.722,8.0328,7.5311,2.3298,2.953,3.3083,4.6468,4.8241,6.8242,3.2688,2.2023,2.6744,2.7648,7.5601,5.5681,3.1676,3.5325,1.0814,6.9951,8.8887,4.0977,5.9953,4.6261,2.8294,5.3921,4.0845,0.6915,3.558,6.3709,2.6054,4.8089,5.1085,5.4483,6.7783,6.6211,6.2522,3.371,2.2142,3.6264,4.8135,7.738,6.155,5.4079,2.3961,4.862,1.6192,5.6882,1.3548,2.1197,4.4065,4.0154,3.5703,7.7727
"BIRC5",9.6977,7.1831,6.6469,5.9277,5.8352,9.3921,8.7176,9.3739,5.7999,8.3293,0,5.6932,9.6388,8.5092,6.11,5.9569,2.9179,10.0868,5.1726,6.4804,2.8676,5.6574,9.3396,6.6483,4.4531,7.3743,8.2194,6.3771,4.4181,7.2084,7.7602,8.1303,5.6529,4.655,9.6104,6.4647,6.5964,2.4111,6.5733,9.7807,6.0846,5.0972,6.6103,4.8686,4.4149,9.7631,6.6151,5.8368,3.8969,7.924,10.5576,7.0552,8.2822,7.9523,8.2775,3.232,4.4474,4.1764,5.7804,7.4619,8.9519,9.9315,8.6734,7.1597,7.4503,5.0518,8.1385,9.6998,6.478,7.1221,7.3284,9.4397,7.4596,5.8107,7.8342,2.7256,9.895,4.9366,7.5918
"SYT12",3.9304,5.5117,3.1313,2.5757,2.1597,7.5432,7.1239,5.7143,2.526,6.1042,2.6727,6.8033,4.7134,5.4335,4.6529,5.3804,3.9926,3.779,5.4406,1.743,7.552,7.8906,3.7237,6.2286,3.4839,1.8067,6.8243,3.5658,1.7631,6.9404,4.5334,4.2336,2.2328,4.3809,9.4617,4.4274,10.3806,3.9407,2.5774,3.6125,1.3302,3.9257,7.4783,4.7371,4.2663,5.5979,5.7203,5.2621,3.5813,7.8234,8.3927,4.9082,5.8006,4.9754,3.8856,2.711,4.288,4.062,5.1199,3.802,11.0648,3.2455,1.5206,6.904,5.6007,2.1342,5.0426,5.3144,3.8766,2.5205,7.2601,4.8463,2.3165,0.6033,7.0853,5.1898,5.2584,3.6685,0.8878
"ZDHHC22",4.9786,4.2702,2.6263,0.6335,0,0,2.652,5.055,3.4409,1.0844,0,2.9176,3.5392,2.4323,0.8522,0,1.8458,6.3071,1.7361,0,0.6405,1.2874,6.4789,1.3366,3.4839,4.0544,5.8164,4.7414,3.3474,2.7087,1.9598,4.9495,0,0,5.1005,0,5.8883,0.6764,2.1085,2.8108,2.333,0.9163,8.1401,0,4.7364,3.9535,0,2.6399,1.6753,3.0085,0.5317,0,5.3349,1.5233,7.2878,1.2552,1.3474,1.0334,2.1875,0.4542,1.3806,8.9752,4.2995,0.541,3.3535,1.4302,3.6122,3.9283,3.2636,0,1.66,2.4747,0.4835,4.1387,4.1865,1.3997,2.1595,0.8772,0
"TWIST2",3.6477,6.6953,0,5.4041,3.6508,3.465,2.0605,0.5339,5.4982,2.2992,0,5.821,4.9384,5.4911,3.5196,2.0122,4.7519,2.0109,4.1143,3.3771,0,2.2758,7.1782,2.9754,2.0846,0,5.7603,5.557,5.8193,4.0092,4.5922,6.2491,6.5182,2.548,7.0851,2.2568,5.7978,3.0318,1.4094,4.3401,4.1829,2.6608,7.1767,1.0814,5.6932,5.6618,0,7.1974,3.2892,2.9217,5.6948,3.6566,2.4074,4.8868,8.0151,1.9161,4.5482,0.7638,5.9129,3.1324,6.8539,6.8487,5.7867,5.153,1.6452,0,6.0205,3.3294,4.6581,2.2601,4.5324,6.9743,3.6026,0,5.8669,5.1681,4.4751,3.5703,4.0273
"DLK2",4.5477,5.2493,3.8008,7.2845,3.1847,2.3863,0,6.8921,5.5722,2.7231,2.6727,6.5714,6.7148,4.1819,4.8061,2.0122,4.4857,8.0479,4.6036,2.0998,6.3183,2.1251,6.2408,1.7173,2.9037,1.523,0.6205,1.8916,5.7674,5.791,6.2867,5.1175,3.8023,2.435,7.1574,1.0564,2.6787,0.6764,2.3619,2.6357,5.6282,3.1676,8.8721,2.45,5.4326,5.9755,2.3306,2.8033,6.4575,3.6177,7.111,1.2936,2.2296,3.4384,2.8015,0.9446,1.3474,4.2053,1.4738,5.6709,3.6585,7.5476,5.2624,1.2418,1.2742,3.8639,5.8365,3.5578,3.4299,1.7522,2.2571,2.2418,3.8215,0.6033,6.5132,3.112,3.6672,2.3741,0
"C9orf110",3.5674,7.9106,2.2872,4.9942,3.6508,7.4805,7.2545,9.1999,8.3076,1.0844,4.0984,4.0714,4.6639,3.4161,4.3453,4.1196,1.1999,4.6227,8.201,3.915,3.3924,5.1136,4.6681,4.0229,3.2926,2.0437,4.9586,4.5036,2.4302,9.0027,6.3731,3.2125,4.2154,4.8464,5.3121,3.8578,4.499,1.7624,2.7648,4.6932,4.3707,0,8.8224,1.6925,4.6733,6.9176,3.8514,5.1451,2.5427,2.3863,5.3454,2.7667,8.72,3.6143,6.7916,3.753,5.6338,2.0498,2.9103,1.687,1.9285,6.0205,4.2995,2.6916,3.7833,0,5.1163,6.2962,3.7141,2.9322,3.5608,8.7368,4.0116,4.1387,2.7519,2.4247,6.6907,1.4188,2.7975
"SIX2",5.126,4.9701,3.6603,4.0863,5.8778,4.6314,1.865,3.1065,4.8,7.4532,2.6727,5.8406,7.7291,4.0349,7.1448,3.3366,3.7359,2.5481,5.2237,2.9208,2.5921,4.9212,6.7932,3.7229,2.8115,2.5842,2.9975,3.3905,3.741,5.9983,5.4393,4.7927,3.3577,3.9584,6.7431,3.803,3.5614,0,0,4.4501,4.1829,2.1856,5.8744,3.1396,6.1407,8.8467,5.0549,0.8053,2.3072,4.8673,8.5874,1.2936,0,4.1211,10.2309,2.0828,5.1285,3.429,1.9864,2.9372,6.8639,9.1505,4.4303,2.0653,3.9906,4.0227,9.2236,4.6015,4.1552,5.4159,4.4634,2.9318,2.8016,4.3371,5.0032,2.5645,8.1143,4.0789,5.1983
"CCNB2",9.4268,9.0982,6.4961,5.5972,4.7861,9.8914,1.6389,10.48,7.2049,7.5769,4.4922,6.323,10.1146,9.2424,7.3439,4.7918,2.7735,10.3904,7.3715,6.4876,3.4672,5.4825,6.8788,7.0957,4.321,7.0047,9.1346,6.9422,5.8091,8.1696,7.5239,8.2409,4.8456,4.3809,8.1523,6.2386,7.5797,3.402,7.543,10.1372,7.4731,3.3035,8.5759,3.3116,6.242,8.7425,7.0588,5.7368,5.648,8.5269,10.23,6.8895,10.0699,9.5259,9.3737,3.4207,5.7829,4.9051,6.4117,9.0276,9.6259,9.9963,7.4498,8.0243,7.6256,5.5987,9.1064,9.6711,7.0488,6.4309,8.9564,8.8317,7.1572,6.0308,8.0308,3.7614,9.4007,5.0356,7.6559
"SEMA7A",10.0845,8.3638,9.3162,6.5571,5.562,11.2273,8.3676,12.661,7.5906,10.2449,10.8025,11.6207,10.7217,9.3523,10.8011,4.7598,6.4257,10.9378,10.8472,6.9705,11.6156,9.0149,11.241,10.4024,10.8031,7.4483,9.6528,8.7181,8.2206,9.5853,11.1311,10.6209,4.6992,5.9189,10.9066,9.5348,9.3862,7.339,9.8301,9.7357,7.745,8.6859,11.581,7.0641,7.1127,10.4442,9.8569,7.5821,7.3165,12.9241,6.6036,10.2128,12.0302,8.5738,10.4495,6.6429,6.9697,12.7262,6.9292,9.9376,10.517,12.3697,7.7294,8.1076,8.1855,8.7645,11.5403,9.1104,9.0158,7.5337,9.5837,10.8534,5.5232,10.0078,10.9439,6.3056,9.5723,11.8613,2.6093
"HES6",9.2532,8.8765,12.2517,6.8119,6.2062,7.4195,2.0605,10.2898,8.9836,9.7186,9.1434,10.8399,8.2492,12.1397,6.8896,7.1901,9.2265,8.1282,8.8168,5.8414,7.7334,8.7986,11.6945,11.0205,8.0771,11.9096,10.5808,8.4678,6.5542,9.1365,9.206,7.6719,5.9338,5.7161,7.599,6.4582,11.1657,6.7638,8.0951,9.7323,9.2581,5.8963,7.6504,9.1006,7.2966,8.747,5.6831,6.5499,6.7202,6.8651,7.1924,9.8855,10.6345,8.5232,10.7427,6.2892,8.1733,5.8375,7.7234,6.6776,6.8639,13.1699,7.6102,9.8212,6.1828,6.8611,11.549,11.1386,11.9167,6.415,12.1869,8.987,5.4197,5.9115,11.7904,7.9941,9.4462,6.1214,7.0062
"FOLH1",6.8788,5.4394,8.1644,8.2901,5.9335,8.0311,6.1979,7.0516,7.2345,5.1593,5.2718,7.0541,6.8757,7.5772,6.4721,1.777,7.602,7.9871,7.5686,2.3855,2.946,5.6846,6.8281,4.869,6.2037,7.8193,7.8585,6.4439,3.741,5.9638,8.6258,6.237,4.3524,7.6101,7.4975,5.4119,7.3389,2.5324,5.9797,8.3747,7.0581,4.7405,7.3735,0,3.7595,14.4999,6.9454,8.7,6.9628,7.0504,6.5903,6.4368,6.9327,6.4773,7.1169,4.2849,6.2896,5.422,9.1316,6.5353,9.3988,9.1346,8.8998,5.8435,10.0965,6.3338,8.0932,6.7244,7.036,3.8344,7.4547,8.1029,6.7455,7.8157,7.1055,2.5645,10.1407,3.7605,6.308
"LIN7A",2.5233,6.1509,4.1552,3.124,0,2.8763,0.6121,7.4821,6.2047,5.464,2.6727,2.7623,5.0194,6.2094,3.5196,4.4749,2.0851,7.994,3.1581,4.7453,1.6939,3.2699,8.3576,2.4794,1.5122,0.7001,5.1455,6.4662,6.1705,1.3278,2.5403,2.2681,3.597,5.5496,6.3634,2.7947,2.808,2.9222,3.3376,3.1079,3.0996,4.8332,1.7667,1.6925,5.2927,7.8471,0.7413,0.8053,3.6834,3.9159,0.9193,5.3287,2.7083,5.4321,10.062,7.0325,4.6626,2.9962,3.2165,1.687,2.9665,2.8523,3.6106,1.8992,2.8844,2.6052,1.8445,6.0463,6.3705,6.4309,3.1859,5.9523,3.4533,5.0972,0,4.3689,5.7633,2.59,5.1983
"MKRN3",0.7471,0.5323,1.1977,0,0,7.1293,5.1653,4.8463,0,0,0,0,0.5288,0,1.5913,0,0,6.1312,0,0,0,1.5466,0,5.1111,0,0,0.6205,0,0,0,0,0,0.9449,0.5269,0,0,0,0,1.8009,0,0,0,5.9436,0,0,4.4061,0,0.8053,0,0,0,1.2936,7.7318,0,0,5.5041,0.471,0,0,0,5.6645,0,0,0,0,0,3.1332,0.517,0.4762,0,2.2571,5.2116,0,4.3371,6.0858,0.6286,0.9006,1.4188,2.138
"APOBEC3B",8.9692,9.8489,8.5201,6.809,5.2477,10.5543,8.7267,9.1731,7.4932,9.3006,7.435,6.7791,11.26,9.3898,6.3704,6.4638,2.9042,9.3618,7.3748,6.6726,3.3924,7.9239,8.8919,7.8465,7.3658,7.8565,9.9693,7.6552,6.2124,8.7927,7.0108,8.2745,5.5338,5.2488,8.9252,6.1204,7.3295,1.9967,9.5,10.0561,7.406,7.9634,8.0581,3.7308,6.746,8.3897,2.1238,6.1045,5.5702,8.5427,9.2732,8.3535,11.1803,8.6557,8.2934,5.4441,7.1515,4.6076,5.7792,8.8705,11.1074,8.3238,3.0835,7.9599,8.1571,6.9786,10.0461,10.4525,8.751,8.6817,7.9395,4.1525,7.713,6.3298,8.5698,2.5961,7.8116,7.9429,8.1387
"VGLL2",0,5.4541,0,0,0,2.0605,4.0292,1.8824,4.4195,0.6418,0,1.3463,2.8476,5.9571,0.8522,3.7806,0,5.0497,0,0,0,2.4122,0,1.3366,0.549,0,2.0788,0.7464,0,0,0,0.7103,0,0,2.0351,0,0,0,0,0,0,0,0,0,0.6509,7.6592,0,0,0.5249,0,0.5317,0,1.1571,0,6.3303,0.5482,0,0,0,0,1.5873,7.7431,0,0,0,0,3.2686,4.5756,3.0756,0,0.6229,4.7385,0,7.8486,0,1.0651,2.2931,1.8117,0
"STAC2",4.1668,6.6253,0,0,0,2.9765,1.6389,1.2287,2.1374,2.1249,2.6727,9.3495,3.2345,5.5733,2.9717,0,2.2903,2.6903,0,0.5553,0,3.2699,0,0.8179,2.6074,0,2.4058,0,5.5264,2.8157,4.8549,1.5402,0.9449,0,5.1642,0.6228,3.633,0,2.5774,0.8498,3.0996,3.4277,1.5471,1.0814,1.9451,1.2126,1.5922,4.8028,2.4297,4.6685,7.887,1.9645,0.6915,1.5233,1.2497,0.9446,2.162,0.4318,7.1914,2.1142,1.1394,1.4312,3.0835,1.7115,1.2742,0,1.4476,2.1533,2.9352,5.0742,4.4634,7.9899,1.3743,2.041,0,2.5645,1.451,4.0057,0
"FSD1",6.9198,5.7092,2.2872,3.2124,4.8453,3.465,6.2287,5.3205,6.814,4.7427,6.9618,10.2186,3.9229,7.5436,1.3843,2.2144,2.47,4.0667,4.2965,3.7736,3.8493,0.9713,3.392,2.0183,2.2341,6.1865,6.5292,2.5219,0.8465,5.6534,4.4081,2.447,3.4823,2.9282,7.9229,1.8874,4.7123,0.6764,5.7099,6.0872,5.6134,4.359,5.211,6.1333,4.3892,6.6972,4.4915,6.5149,4.1789,2.7307,2.3249,5.884,6.0352,3.7207,8.9693,1.5106,7.0004,0.7638,5.4869,3.0053,2.5389,3.622,4.1556,2.4725,5.4683,0,5.2202,8.2439,5.8409,3.683,2.795,0.8709,5.9614,2.3656,4.82,3.0179,4.1968,4.96,3.3721
"KLHL35",5.3345,6.3535,5.3151,1.9093,4.2852,6.0675,2.652,2.8619,6.4262,6.6543,7.0227,6.7474,7.3373,0.5259,5.748,2.5495,6.7022,3.574,5.4406,6.9433,2.2963,3.7536,7.7688,4.8309,7.3698,7.3957,7.1423,6.2774,3.5575,7.1645,4.5334,4.6538,6.5182,6.2297,7.672,3.0974,6.4,1.1351,2.7648,6.6793,4.1829,6.5841,6.2744,2.1204,6.5447,7.7766,6.8975,4.4549,5.445,5.4667,5.6183,7.0872,4.138,5.6631,6.019,2.6054,6.3659,1.2605,7.5744,3.4086,5.3609,7.6074,5.331,3.4608,6.2649,0,7.2576,5.0399,8.495,5.1723,4.7214,1.4102,5.876,4.3736,4.4616,4.1644,9.7019,5.9168,0
"RRM2",11.2996,9.6964,8.0493,6.934,6.0638,9.9756,8.6891,11.1534,6.7876,9.6193,5.6261,7.3417,10.0636,10.9017,7.3652,6.4152,3.7359,11.4893,7.7884,8.2223,4.5456,5.0312,8.4556,6.4078,4.105,8.386,8.8571,8.2918,6.5905,8.9899,9.5774,8.1241,6.3967,5.4513,8.8171,7.7792,7.4371,2.9222,8.9668,11.0906,8.3198,4.7405,7.7759,4.7371,7.358,10.2632,8.6243,6.2853,6.3452,9.4141,11.878,7.9778,10.8551,9.5746,8.96,5.2991,5.6996,6.1167,7.9056,9.9662,10.3779,11.2432,9.2312,7.5336,9.5965,5.7876,9.4165,11.4944,7.5145,8.4203,8.8251,9.5648,8.0145,7.2139,5.3796,4.7371,10.8749,5.9756,8.59
"TROAP",10.049,8.9486,7.1759,5.5299,5.562,9.3803,8.1132,9.9173,6.4985,7.9481,7.0227,4.6827,10.3145,9.7045,7.2855,4.8536,3.7359,10.7561,6.5797,6.7741,2.5921,5.6014,10.1897,7.1353,3.851,8.3506,8.9241,7.3302,4.1505,9.4986,7.8593,8.2409,4.6468,4.5533,10.0591,5.8503,7.3495,2.1982,7.6239,10.0838,6.5214,5.0803,7.6083,2.45,6.0443,8.8231,7.2745,5.5422,4.3747,6.8118,10.0194,8.1276,8.7095,8.4708,8.4497,3.8017,5.0633,3.9028,6.3813,8.1001,9.3623,9.0433,9.3098,7.3077,7.34,5.3213,8.1292,9.4228,7.1516,6.7174,7.6613,8.6752,6.7185,6.1932,7.7233,4.479,9.1563,4.9983,8.6705
"ARHGDIG",3.3761,2.3906,0,0,0,0.9289,1.2182,0.5339,4.7081,1.6965,0,10.5046,2.9337,0.9103,0,2.2144,2.9327,0.6836,1.5185,0,1.0825,1.4984,3.5674,0,0,1.1694,1.6552,1.6007,0.4844,3.1519,1.9598,0,3.6681,0.5269,9.3569,0.6228,2.0006,0,0,0.3018,0,1.4723,4.7905,0,2.8622,4.4357,0,0.8053,0,1.2687,0,0,2.6739,2.5074,4.1323,0.9446,1.11,0,3.3415,1.2621,3.7138,8.2746,0,0.541,0.7734,0,4.552,2.71,2.3051,0,1.0567,1.0862,1.1338,0,2.7773,1.0651,0.5195,0,0.8878
"C11orf87",1.2369,5.9676,1.8429,0,0,1.0406,0,0.5339,0.4222,3.9604,0,8.0778,3.2345,0.9103,2.3295,2.9401,0.7212,0.6836,0,0.5553,0,0,10.1964,0,0.9458,1.523,4.3467,0,0.4844,1.3278,0,0.7103,0.9449,1.4662,3.1286,0,0,0,0.8703,0,1.3302,0,0.5661,1.0814,1.9451,6.7628,1.5922,2.2442,0.5249,1.2687,1.2245,1.9645,0,2.9185,0,0,0,2.6402,0.6713,1.0772,1.3806,3.5542,0,0,0,0,0,0.8969,3.4299,4.0144,1.0567,4.8254,0,1.0274,0,2.5645,2.8214,0.8772,7.8492
"EMX2OS",2.1349,3.6036,1.8429,0,1.1084,2.652,8.1077,2.0478,2.9634,0,0,0.4706,4.0822,2.1757,2.4407,4.3517,2.7735,1.7758,0,0,0,0.5659,1.2369,3.804,0,0,3.5544,0.7464,1.7631,3.1786,6.2137,3.71,2.2328,2.3123,7.1416,2.0839,0,3.402,0,4.0913,1.3302,1.4723,1.2878,1.6925,5.8864,4.8849,0,0,1.2119,1.7438,0,2.7667,0,7.1068,2.0757,1.9161,4.0396,1.2605,6.2186,0,4.3956,1.4312,0,0.9336,0,0,1.4476,1.4458,2.4065,0.5595,1.66,5.962,1.3743,0.6033,0.9679,2.4247,4.8667,0,7.0062
"NPNT",7.6472,9.7924,5.9191,6.7319,6.3357,4.8586,12.0242,5.4882,7.3321,6.597,6.3513,7.7407,6.007,5.7249,9.6201,5.3378,9.031,12.706,5.425,8.0232,3.9041,9.8662,9.8491,9.383,4.1434,4.3479,4.2684,4.9456,6.4527,9.021,4.2709,7.6215,5.8668,7.0337,8.4073,7.5696,3.0363,5.0314,6.0354,7.1958,4.6571,6.8402,4.6454,4.611,7.2214,7.6466,6.8975,11.2954,4.2801,4.3069,6.1122,4.9082,7.7108,8.8925,7.9415,7.2231,5.5291,3.475,3.3056,5.2893,7.5348,7.21,7.8394,4.7994,5.5138,5.1935,4.7031,5.3756,3.8766,6.3744,5.7088,9.5648,10.0176,6.3391,7.2484,5.5675,9.306,5.0356,6.5498
"SOX1",0,1.8787,0,0,0,0,0,0,7.7698,0,0,2.4926,2.9337,0,0.8522,0,0,0,0,0,0,5.8257,7.1371,0,0,0,3.416,0.7464,1.1356,0,0.9734,0,0,0,6.1752,0,0,0,0,5.847,0,0,0,0,0,7.2693,0,0,0,0,0,1.2936,0.6915,0,5.435,0,0,0,4.0361,0,1.1394,6.4977,0,0,0,0,0,0,1.1198,0,3.5608,0.5002,0.4835,0,0.5636,0,0,0,0
"SLC7A11",2.9606,4.7244,5.9795,5.1591,4.7243,7.0795,2.3863,8.12,5.263,4.5142,2.6727,5.4145,7.0925,8.5818,8.2526,7.9219,4.4857,7.1019,7.7389,5.481,3.5383,4.4041,2.6842,4.9424,8.5727,4.4338,7.0041,3.5658,3.8647,8.4402,5.0353,3.3083,4.4163,6.5613,7.0434,5.7811,5.3862,8.8049,3.3376,8.4177,7.2425,1.8726,3.8535,3.6042,6.4254,5.4607,7.3417,2.2442,2.3072,8.3049,8.753,6.2292,9.0877,6.0059,7.4368,5.6964,5.4675,1.0334,6.3502,7.2368,7.765,7.2319,5.8348,1.7115,3.9906,5.7426,5.6994,6.8375,6.0167,6.8654,6.4585,9.3904,5.5232,1.8464,1.542,4.9043,6.0064,4.2152,4.4201
"FEZF1",3.7237,0.5323,1.1977,0,0,1.3705,0.6121,5.5656,0,0.6418,0,0,0,7.2736,0.4881,0.6842,0.7212,2.0109,0.5522,0,0.6405,0.9713,0,0,3.2413,0.7001,2.0788,0,0,1.0049,5.9765,0,0,0,0.8275,0,0,0.6764,0,6.3994,0,0,2.2763,0,0,8.968,0,0,0,0.9558,0.5317,0,0.6915,0.954,5.079,0.5482,2.2814,0,0,0,0.4865,3.4081,0,0,0,1.4302,6.2122,5.1785,0,0.5595,0.6229,0.5002,0.4835,0,6.5681,0,0,0,0.8878
"IL8",2.829,3.9335,7.0687,1.0721,1.7277,6.8343,6.3829,8.938,1.604,4.2425,4.8012,5.2192,3.6451,4.2502,4.9818,5.3804,2.0851,6.5963,2.3775,2.3855,2.5921,3.8529,3.8648,3.6371,8.3034,6.3936,4.8007,1.2358,4.1826,2.4674,4.8549,4.0792,3.7033,3.6392,2.4976,4.7212,6.2601,3.8834,3.5565,4.5274,6.3712,4.4787,3.6476,5.0603,3.167,9.5075,6.1192,3.4219,2.7451,4.6949,10.4291,4.8367,7.4466,4.5542,6.2886,4.9989,4.6179,3.1741,4.5914,5.7424,3.8711,5.0301,5.6322,5.6479,1.2742,2.1342,6.6975,7.287,6.0167,5.4631,5.4304,10.0704,4.7905,5.7676,5.0032,3.9769,10.9234,4.9983,4.0273
"CCDC64B",0,5.3632,5.856,0,0,0,2.3863,1.2287,0,0,0,6.8181,4.8303,6.6174,0.4881,0,3.2376,2.6903,0.5522,0,0,0,0,0,1.2566,2.8572,0.6205,0,0.4844,0,0,0,0,0,2.6831,0,2.5367,0,1.4094,0.4866,0,0,0.5661,0,0.6509,6.2827,4.8685,6.1552,1.6753,0,0.9193,1.2936,2.7083,0.954,0.5453,0,0.471,0,7.4381,1.0772,0,4.7559,1.5206,0.9336,0,0,0,2.5214,2.8594,0,3.2691,0.5002,0.845,0,4.82,0,1.2019,0,4.5304
"C4orf48",7.1231,8.4873,4.4395,5.8387,4.5214,5.4001,5.6784,5.931,7.8863,1.9265,4.8012,7.4443,6.3887,5.9774,5.5265,4.823,7.3443,3.7138,7.0897,1.525,6.7212,7.2185,6.8107,2.9754,5.8454,6.372,4.8007,6.583,4.9509,6.054,5.562,6.7868,7.8306,2.1783,9.4345,4.9143,7.8324,3.5567,0.8703,5.5086,5.7949,6.9374,4.9669,5.9631,5.7856,7.2734,0.7413,5.7962,5.7218,6.7119,5.8477,7.4526,5.6319,6.3751,7.797,2.6054,7.34,0.4318,1.7527,5.3946,6.0434,7.2373,4.9498,5.3749,1.9401,6.84,6.2831,6.4606,6.5913,3.6288,2.551,5.4214,6.7401,2.041,6.3705,5.8115,7.5229,0,8.6122
"TUBB2B",4.6417,4.2732,2.5165,4.75,0,5.4001,0.8883,3.6791,6.004,3.4559,0,9.0269,3.7842,1.9805,3.7954,4.435,4.9466,3.574,5.0315,1.2681,0.9044,4.9439,3.9933,2.4333,2.2284,2.3778,3.2644,6.1593,5.5389,6.617,2.7511,5.0908,6.1371,0,5.9406,4.5321,3.8286,1.1193,2.3619,0.7908,2.5236,0,6.0728,2.1204,5.161,3.2904,2.2856,4.55,4.2182,5.4041,2.4781,4.5983,3.1692,5.5329,6.0879,3.4817,4.4038,5.6794,1.1276,3.7234,1.768,7.0406,3.2372,2.4725,2.075,0,3.9664,9.0448,5.8893,2.1098,5.1012,8.3611,3.1315,2.8479,0.903,2.2014,4.4378,2.8565,3.073
"ANGPTL4",8.513,10.7395,11.2516,6.826,5.6967,10.8544,5.4532,9.1822,5.7559,4.4039,6.3513,10.567,8.3948,9.957,8.4746,4.394,9.4463,9.6695,6.8887,4.162,7.7334,5.4028,8.9391,7.1663,5.7982,7.787,6.0912,5.8044,7.3974,8.6134,9.146,6.6473,6.696,7.3388,9.3185,8.0173,9.7402,7.4714,5.2579,5.1166,7.6358,6.3531,9.8015,7.8788,5.016,9.2162,7.4286,10.8687,6.3452,4.5577,10.9197,7.2054,7.2853,7.5616,10.8059,4.749,6.9652,5.8286,10.2719,7.076,6.9031,9.5472,9.432,7.8645,8.6477,4.8979,9.7518,7.591,10.0789,5.8661,9.865,12.6301,7.1287,6.087,8.4431,8.4779,13.5227,5.7916,6.8869
"HOTAIR",4.2203,7.4255,0,0,0,4.3981,2.652,4.2067,4.3964,0,2.6727,0,4.1194,0.9103,1.1427,0,0,0,0,0,0,7.7138,1.2369,0.8179,0,0,0,2.1336,0,2.3298,0,3.6381,0,0,6.7535,0,0,0,0.8703,4.1248,0,0,5.4986,0,0,5.066,0,1.6972,0,0,3.3091,1.9645,3.3541,2.6217,4.6896,0,0.471,0,1.4738,0.4542,0,2.4659,0,1.4957,0,0,3.9712,3.8442,4.7657,0.5595,0.6229,1.6192,0,1.6214,4.8915,0,1.2019,0,0.8878
"SPHK1",6.9864,7.8826,6.184,6.2785,4.1147,5.602,3.2803,5.0901,5.3894,5.7308,0,9.15,7.2418,6.0982,6.321,7.7033,7.1097,5.8077,4.6437,3.4239,6.5181,5.0818,5.9556,5.4792,5.153,4.7065,7.5861,6.0004,5.2651,6.8281,6.4856,5.0142,5.8299,6.3231,7.2037,10.1592,5.2013,5.9077,3.9104,9.7554,5.438,3.1676,9.128,5.1537,6.3665,9.0352,3.1548,3.8565,5.4177,4.2374,10.3928,5.7101,2.7083,7.0943,5.2919,4.7435,4.4661,8.4827,4.2636,5.2897,7.9615,10.5295,5.0419,4.9186,4.0536,6.422,6.8196,4.7475,7.2217,4.9021,4.0816,11.0358,6.8562,5.8445,4.4925,4.8548,11.8064,3.2278,6.3527
"AURKB",9.7181,7.6114,5.2674,4.5267,3.7779,8.116,7.4372,6.956,4.7092,6.9637,4.0984,5.1737,8.763,8.1031,6.0405,4.2633,2.6297,10.1282,4.8096,4.9564,3.23,3.7013,7.922,5.5707,2.8115,6.6303,6.7896,5.769,3.741,7.139,6.2323,6.8115,4.5362,2.8421,8.0421,6.2488,5.3442,0.6764,6.5379,9.9386,6.3174,4.9204,6.301,2.9442,4.223,7.2486,5.5652,4.1853,2.7451,6.1593,9.0447,5.6948,7.1913,8.1968,7.1546,3.4817,3.1248,4.0918,4.5555,7.7017,7.991,8.2162,7.2339,7.1503,6.7373,4.0227,6.94,8.6082,5.663,4.9471,6.5107,9.2194,6.7562,5.03,4.3645,3.2004,9.5281,2.59,7.4608
"PBK",10.6603,8.9499,7.2995,6.0694,5.4896,9.4474,8.9549,10.3067,8.2231,9.9778,5.6261,6.1997,9.9908,10.4227,7.153,6.6857,3.4235,11.7063,5.9452,8.1502,2.72,5.8378,9.6733,7.8492,5.1019,8.9696,8.3915,7.7671,6.517,8.2434,7.6812,9.0296,5.2827,4.5801,8.8849,5.5841,7.6547,3.318,9.1795,10.2771,7.0416,5.0025,8.2074,4.0553,6.527,10.1265,8.5616,6.6391,5.1564,8.581,8.6367,7.6531,9.8091,10.5798,8.3147,3.5964,4.8863,4.5005,6.872,9.3117,9.451,9.3133,8.877,6.8594,8.3068,4.9777,9.0082,10.9165,8.3556,8.1173,9.2619,8.3112,7.944,7.1201,6.9855,4.2905,9.2383,6.6158,8.0384
"ZIC5",6.4115,6.2216,1.1977,0,0,0.6121,3.0703,5.9415,2.6087,4.3652,0,0.8248,2.3174,4.752,4.0964,0,0,2.213,0,0,0.6405,6.5573,4.589,0,0,0,0,0,0,2.1775,0,0,0,4.5801,0,0,0,1.1351,0,5.1496,0,0,0.5661,0,0,5.8926,0,0.8053,0,0,2.4478,0,1.1571,0,4.094,0.9446,1.5512,0,1.9864,1.3102,2.3247,4.0736,0,0,0,0,4.552,4.41,3.1411,0,0,0.8709,4.4131,0.6033,4.4925,0,0.5195,0,0
"UTS2",1.8171,0,0,0,1.1084,0,3.3175,5.9267,1.2387,0,0,0,0,0,4.9291,0,0,3.616,0,0,0.6405,0,6.5736,2.2672,0,0,1.8003,0,0,3.2559,0,0,1.511,0.5269,0,2.5507,0,0,0,1.4205,0.5896,0,0,2.7182,0,0.9094,0,0,0,1.2317,2.8741,0,6.8138,0,0.5453,0.5482,0.471,1.0913,1.1276,5.0862,6.061,5.5046,0,0,0,2.1342,2.4111,8.5919,0,0,2.6781,3.4703,1.1338,0,0.5636,3.508,5.1008,0,0
"ADAM12",6.5007,6.7621,4.8159,7.6239,5.1096,5.1864,6.7517,5.821,7.9272,2.5951,3.5549,4.9933,8.3028,9.1438,5.3808,4.0152,3.8045,7.6554,4.7357,3.0894,2.72,2.9494,7.205,2.9754,1.2566,4.5148,4.2276,5.4933,5.3682,8.7015,5.6751,3.71,4.8913,5.8434,6.901,4.8071,4.6096,1.7624,3.9143,8.2699,4.5678,3.9257,7.0039,1.0814,4.6733,9.9404,5.4143,4.9841,5.9642,2.3863,5.4521,5.2756,6.1013,5.9192,4.583,5.316,4.1378,3.058,6.0352,4.8077,9.4318,6.4331,5.5192,1.2418,5.3478,4.5257,6.0205,6.4103,6.9564,4.9021,6.0867,11.0777,6.0421,6.4113,7.8241,4.795,10.1025,3.0928,5.7474
"CDC20",9.2224,8.9577,6.2485,5.6457,4.7861,9.5486,7.3227,8.7795,6.5254,6.9572,6.3513,6.7628,10.5203,9.1715,6.7181,5.3804,2.7735,10.6332,5.9882,6.1958,3.6061,6.3091,9.8384,6.8218,4.2171,6.9692,8.6584,6.3391,5.1259,9.2952,7.7793,8.1306,5.1386,5.232,9.9982,6.8377,7.381,1.7624,7.4572,9.8091,6.4145,4.7876,7.4107,3.955,5.3543,9.3504,6.9842,5.4711,4.1073,7.0656,11.692,7.5452,9.5592,9.2542,8.9182,4.8906,4.9235,5.0489,6.4117,7.8663,9.8486,10.1253,8.8185,7.1223,7.1369,5.6482,9.0558,9.2333,7.3022,6.5005,7.5451,9.7511,6.482,6.0422,6.2214,4.6768,10.0563,4.7518,7.8598
"MMP12",4.4164,6.0574,0,0,0,5.0318,0.6121,6.0232,1.2387,0,0,2.0304,0,4.7753,0.8522,1.1464,0,4.3065,0,0,0,0,0,0,0,0.7001,0,0,0,0,0,2.0637,3.2212,0,0,2.4112,2.5367,0,0,0.4866,0,1.4723,2.6521,0,0,0.5253,0,1.319,0,0,10.9117,0,5.0164,0.5544,2.4838,0,0.471,1.9228,2.3639,0,0,3.2455,0,0,0,0,4.8399,0.8969,1.3586,0,0,2.3629,0.4835,0,2.4066,0.6286,5.3985,0,0.8878
"EPS8L1",4.4615,3.2446,4.1552,3.2124,3.5115,7.9563,4.7495,4.1713,8.1611,3.6742,5.4598,8.7847,7.1294,2.1757,2.8155,2.2144,5.2468,5.023,4.9684,2.0998,6.7288,1.7662,8.77,5.8248,5.431,7.0665,5.687,5.4714,5.9739,4.2572,7.1754,5.4469,4.3524,3.4191,9.1867,4.498,5.0098,2.1982,5.3487,7.1919,2.9188,3.3035,7.256,3.3116,4.3085,6.6663,3.7105,5.2621,3.4715,0.9558,7.5106,7.5893,5.8006,6.1269,6.3548,2.3676,5.8901,3.058,5.6659,2.4435,7.0413,5.3229,3.816,3.4608,1.9401,3.4815,6.661,7.9912,8.841,3.101,4.4983,5.1789,3.6942,3.2184,8.6784,2.8089,7.2831,5.4209,1.4333
"KIAA0802",5.181,8.8135,3.5045,3.0297,3.1847,4.6618,6.8996,1.4809,4.8348,6.8838,0,5.8599,7.3801,2.6501,3.468,4.9699,3.9926,6.6668,5.1115,5.1784,1.9238,5.801,8.1108,4.1523,1.9179,5.1181,4.9335,4.9135,2.9605,4.7098,2.7613,6.7785,7.3312,3.1593,8.6685,5.3935,7.1926,1.1351,3.5565,3.6591,2.0104,3.7466,6.4191,1.0814,7.0827,7.8851,5.296,6.1552,4.4919,2.3863,5.0673,3.9555,3.4384,4.9967,3.139,2.711,7.0475,3.9686,5.6992,2.2325,5.9715,4.0243,5.1904,1.7115,1.9401,5.5473,5.7231,4.9622,5.6851,5.2992,6.5192,9.0403,5.6081,4.3371,1.542,5.4462,6.5375,5.4209,8.609
"C1QL1",8.0419,7.845,4.1552,7.6676,1.7277,2.3863,7.6266,5.0156,4.0565,6.332,7.2938,10.1039,3.7907,3.3554,3.3013,3.9027,2.0851,3.0484,1.925,1.9324,0.6405,3.647,6.5433,3.8807,2.7131,2.4255,3.2628,2.5219,1.3764,4.3668,4.0369,5.6974,4.9785,2.0304,8.4171,2.2568,2.2023,1.1351,3.0794,5.1977,3.2603,2.8502,3.9007,1.0814,4.3892,3.7799,2.8167,1.9964,1.6753,1.7438,7.3739,5.4293,3.9208,5.335,3.8856,1.2552,2.8436,1.6293,3.8706,1.9854,3.6585,6.8905,5.5192,3.0497,3.138,4.0227,3.5065,6.6705,4.6126,3.4527,1.3896,4.2021,4.4398,1.3548,2.1197,4.7371,1.6633,4.7518,5.4988
"PPFIA4",5.9868,7.1316,7.1099,3.2124,3.3574,7.4805,6.3365,7.4929,1.4329,4.3652,5.2718,7.7613,5.9041,7.8762,3.7092,3.2472,7.8081,5.3361,2.8199,3.3771,1.9238,2.8568,2.9606,4.6673,4.5663,5.0104,2.4058,4.5873,2.4302,5.8298,3.2736,6.1231,3.8023,2.1783,6.646,3.0974,6.6704,2.9222,3.5565,3.8316,4.7946,4.0851,8.2738,2.45,4.3085,5.735,6.7066,8.0734,5.0069,2.9217,6.3592,1.2936,7.2273,5.5231,8.3517,2.4914,3.4132,0,8.8936,5.9115,4.5016,5.2604,7.083,4.2631,2.5766,2.6052,5.2856,5.6602,7.5299,4.9247,7.3344,6.8399,2.8817,4.7803,8.0749,5.6325,7.4989,5.0356,6.2767
"PKMYT1",10.8147,10.1429,7.6592,6.8718,4.6398,10.4167,8.4389,9.5003,9.6866,9.3271,6.4353,6.2269,10.6873,9.545,7.542,6.0999,2.2278,10.635,5.6592,7.7671,2.8078,6.4183,9.7791,7.9761,5.0979,8.8999,9.76,7.8363,6.1199,8.4071,7.78,8.8392,6.0648,6.0659,10.3006,6.3961,5.8915,2.2662,8.7637,9.7181,6.9752,5.5802,7.0043,2.5633,6.3677,9.6827,8.2248,7.8306,5.6454,7.4068,8.6718,8.5227,9.6704,9.819,9.2522,5.5094,6.6878,4.4352,7.1124,8.8446,9.611,9.4064,9.2614,6.188,7.9302,5.7662,9.7784,10.0155,8.4252,7.7938,8.7271,8.5998,9.0571,6.4857,8.3386,5.5618,9.0077,6.9338,8.6167
"DPF1",5.3822,6.4886,2.2872,2.9289,0,5.9977,0,3.7591,5.8524,3.6094,2.6727,6.0313,5.5961,4.2502,2.6402,0.6842,4.2601,5.987,3.3681,1.2681,1.0825,0.5659,4.589,2.6643,1.2566,4.4338,6.2112,4.6664,4.1826,4.5329,3.1222,5.4258,1.9166,2.1783,7.2036,0,4.2487,0,0,5.0829,3.8201,0,5.387,2.45,4.1782,6.622,1.2286,4.5953,1.4622,3.0085,3.1732,1.2936,2.4074,4.4651,4.836,0.9446,1.8887,0,4.3613,4.0151,2.4358,6.2522,3.0835,1.8992,3.3535,0,4.7031,4.2558,3.4299,2.1098,4.5324,5.6648,2.3165,2.3656,5.6088,0,6.1717,0.8772,1.8282
"EFNB3",8.5759,5.8159,1.1977,4.9942,1.1084,3.3198,5.1221,3.4983,8.4364,3.1447,4.8012,10.5608,6.286,7.9829,4.9256,4.0684,3.6639,5.5749,4.9684,1.2681,3.1414,3.7536,5.6394,1.3366,2.9037,1.523,4.6233,4.8127,5.4756,2.5931,6.754,5.2195,4.4775,4.4697,9.1078,2.5507,2.3791,3.0318,2.1085,3.9107,3.5976,4.1586,7.7309,2.45,5.5248,5.4463,3.0684,5.4952,2.7451,3.7241,3.5477,1.9645,1.5085,3.558,4.836,3.5402,2.0318,3.429,1.9864,5.369,5.0123,4.417,3.816,1.8992,3.6264,2.6052,3.2686,3.3294,4.0569,3.3221,3.2691,9.2244,4.301,3.4416,5.4601,1.8994,7.0669,4.0057,1.8282
"UBE2C",11.4376,10.4667,8.8463,6.84,7.0277,9.8817,9.3373,9.9286,8.019,9.9239,8.8392,7.412,11.5561,10.2062,8.2771,5.7655,4.159,12.4328,7.4996,7.9207,4.008,6.9537,11.3196,8.8908,4.5942,9.5239,9.6275,7.4801,5.4094,9.9842,8.151,9.6643,6.9546,5.887,10.7428,7.2186,8.614,3.9959,9.1525,10.2971,7.7382,7.1774,7.7536,5.4024,6.4632,10.1545,8.5067,6.6499,5.1385,8.1489,11.2334,9.2575,9.6614,10.1111,9.1828,5.0602,6.4124,4.4781,6.9222,9.7396,10.4696,11.0612,11.0077,8.7129,9.3802,7.3991,9.6837,10.4487,8.4856,8.4183,8.4902,9.7511,8.5223,7.278,7.9577,5.4819,10.8158,7.0022,9.7565
"PLAC2",1.2369,6.8596,3.1313,4.4918,2.7613,4.8321,3.0703,2.0478,5.7468,5.0168,4.8012,8.2375,4.7847,0,3.9537,2.9401,5.0908,3.2456,0.5522,3.6168,1.9238,3.8529,5.234,3.4484,1.5122,4.6285,6.3789,5.6573,5.1585,5.7511,2.7613,4.8255,4.8456,4.1496,6.3903,2.2568,4.2935,2.8036,2.9307,8.9103,1.0069,1.8726,6.3185,0,6.9559,5.6366,2.3306,7.6588,5.5966,1.5257,4.9051,3.6566,2.9571,3.9567,8.5974,3.6505,4.8863,1.0334,4.4421,2.8658,8.0358,5.3024,4.5503,1.2418,2.8844,4.5257,3.7107,4.288,7.3375,2.8397,3.4223,5.1456,3.2266,3.7507,4.8915,2.4247,3.8517,3.3512,0
"CKAP2L",7.5089,6.538,4.9427,3.588,2.4917,7.6457,6.9312,8.2824,5.072,6.8209,0,4.9217,7.8252,8.4392,6.4323,3.8429,1.1999,8.7342,4.2965,5.4961,1.4204,2.8568,7.3197,4.9062,2.8115,5.7573,7.2067,4.7775,4.333,6.5795,4.9022,5.8162,2.9022,3.9169,6.0458,4.3907,4.6788,1.1351,5.7768,8.3695,4.9441,3.3035,5.4986,1.6925,4.5382,6.9436,5.8769,3.9955,3.6834,5.2163,8.0192,4.8367,8.0254,7.9402,6.8955,3.5402,3.5622,3.6456,5.4086,7.138,8.1481,7.1822,6.5899,5.359,6.6381,2.6052,6.5051,9.185,6.0254,5.367,6.8243,7.2147,5.6544,5.2228,5.9805,2.6919,7.6622,4.5604,5.3564
"HJURP",9.1241,7.9186,5.4914,4.6267,5.3737,8.5936,6.5138,7.1819,5.5197,7.2975,5.6261,4.498,9.4847,9.2255,6.6093,3.9601,1.1999,9.8347,5.5595,5.7934,2.946,4.371,9.5376,5.8632,3.4229,6.4462,8.1205,6.2261,4.5451,8.0758,6.9353,7.6853,4.9356,4.185,8.7038,5.9793,6.4102,3.0318,6.316,9.871,6.4482,2.8502,6.5872,2.9442,5.394,8.2165,6.4647,5.0507,4.6765,6.8298,10.2727,6.8355,8.5097,8.514,7.3782,4.0634,3.9702,3.6853,4.9914,8.4583,9.2688,8.9506,8.7196,7.6162,6.5857,5.8312,7.4192,9.2125,5.8893,5.8062,6.7683,8.1956,5.8954,4.9352,6.8898,3.926,9.21,4.9983,7.1513
"VAX2",4.5477,7.4878,3.1313,2.7033,2.7613,3.3198,4.6618,2.4537,3.5285,4.6166,7.0812,6.3437,5.1866,1.4641,1.933,2.3917,4.8198,6.0674,5.072,2.6239,1.9238,5.4352,9.5507,4.4827,4.6485,2.2472,3.7399,3.0796,2.6294,4.2572,3.8567,5.1694,2.7116,2.3123,8.1165,2.7947,5.2102,0,2.7648,3.3541,3.2603,3.8389,3.4714,5.9105,3.2558,7.8249,1.8824,1.9964,2.5427,1.2687,5.6443,6.0824,4.9605,3.0052,7.6791,2.3676,4.6626,1.0334,1.1276,4.2576,3.173,8.5931,3.9958,3.5192,1.2742,3.4815,6.9997,7.1966,5.7389,2.741,2.0841,3.7915,2.0652,3.4416,7.4512,2.6919,4.1623,2.59,1.4333
"SPC25",8.1037,7.4551,5.5323,2.5757,0,6.9559,6.8542,7.7988,5.2109,6.3617,5.0556,4.0714,8.1288,8.3447,5.3668,2.2144,2.6297,8.6925,4.8568,4.5277,1.4204,3.4707,8.0677,5.4501,3.8966,5.3345,7.2532,5.2834,4.3613,6.8362,5.854,6.7616,3.2212,2.7506,6.0288,5.1737,5.1866,2.375,5.9607,8.6399,5.3885,2.8502,5.9436,3.7308,4.9106,6.6412,5.3445,4.353,3.1535,5.6932,8.5013,4.9082,6.8505,7.238,7.5293,1.5106,3.1873,2.7933,4.2307,6.7035,7.8971,8.1516,7.0012,6.8424,6.3172,2.6052,7.2738,8.548,5.0977,3.9715,6.0636,6.2402,5.0894,3.6349,6.1357,2.4247,7.4353,3.6685,5.415
"RAC3",8.1354,7.9862,4.5231,4.7793,5.8492,6.1233,8.1513,5.2544,5.8943,8.8274,6.5298,11.0437,7.711,4.8432,5.0536,5.316,4.6438,7.3363,4.3634,2.6239,4.6775,5.1915,7.8474,4.1523,3.1494,5.1438,4.0518,4.5036,4.333,4.5329,6.9239,4.1325,3.7033,2.435,8.4301,5.632,3.4067,2.1982,4.3837,6.3223,5.7684,4.535,7.305,5.5123,5.066,9.2633,2.3306,6.0121,3.6333,4.9354,9.2934,3.2792,5.98,5.8388,8.8919,2.4914,2.8436,8.2374,5.5058,4.5127,3.173,7.1423,5.331,2.5862,3.9248,3.2441,6.9997,7.6261,6.7253,3.1786,3.8581,5.2116,4.7905,2.9541,6.5132,5.2324,9.9945,7.3444,6.51
"ASPM",9.574,8.5539,6.9071,5.9065,4.7861,9.1433,7.2743,9.2261,7.0132,7.444,5.2718,4.7254,9.474,9.9558,8.54,4.2633,1.8458,9.962,6.2043,6.7302,2.122,7.0562,8.7655,7.1509,3.9407,7.0665,8.3869,8.2539,5.5634,8.6997,6.8535,7.7802,4.7984,4.5533,8.2656,6.2892,6.6184,3.4814,7.0059,10.2446,6.4482,4.359,8.2916,3.3116,5.6282,8.6494,7.6082,5.0507,4.3747,7.1822,9.8069,7.0872,10.5647,9.2652,7.6759,4.3187,4.8673,5.1374,5.9821,8.619,9.9856,8.5217,7.8037,7.4572,5.536,4.9777,7.8502,9.9641,7.2549,6.6645,7.171,8.3112,6.8135,6.7404,7.9961,4.2497,9.7308,5.3338,7.7213
"RAP1GAP2",9.2818,9.0061,7.8208,8.3595,6.0886,8.9687,8.8727,8.5014,7.8293,4.8305,2.6727,8.5332,9.2984,5.6127,11.0258,10.053,8.7451,8.9912,8.5397,4.0843,7.431,6.9368,7.0213,8.5989,8.6644,3.8818,7.5382,9.1224,9.2143,9.0691,8.9989,8.5436,5.5338,5.6417,9.4199,8.3248,6.6446,2.8036,3.3376,8.835,8.2353,5.154,10.0656,2.7182,7.3976,7.3913,7.5933,8.4851,5.5702,8.8876,7.1836,5.7735,5.1221,6.9679,9.4814,7.9098,5.4675,9.7325,9.4107,4.2007,10.9531,10.2029,6.4426,7.3242,4.805,7.812,8.9002,7.4978,6.843,4.4493,7.1103,4.8041,8.4939,8.0682,7.7003,6.1367,6.3586,4.5083,7.4468
"TP73",6.1881,6.445,0,1.0721,1.1084,1.865,4.2049,3.7105,1.2387,6.4383,0,2.4926,1.8704,4.929,1.7722,0,0,2.0109,2.3775,2.0998,0.6405,2.1251,5.7885,1.7173,1.2566,0,0,2.6828,1.3764,4.0967,1.9598,1.5402,0.9449,1.8658,4.6446,1.0564,0.6783,2.375,3.0794,3.1735,2.1807,0,1.2878,0,2.6161,4.2484,2.6721,1.6972,0,1.5257,9.0301,2.7667,5.4612,5.0178,3.0617,0,1.11,1.2605,2.6628,6.7734,2.4358,6.7536,1.5206,2.6916,0,2.6052,2.4111,6.6334,2.296,3.101,1.66,1.4102,2.4274,1.3548,0.5636,1.0651,4.8879,3.3512,1.4333
"KIF18B",9.316,7.8224,5.721,4.969,3.8946,8.2597,8.1566,9.0653,6.1155,7.4941,4.0984,3.7378,8.2721,7.6798,6.7934,4.1691,1.5587,9.538,5.3934,5.6524,2.72,3.2699,7.8389,6.2861,4.1434,7.1258,7.3749,6.0455,4.7082,7.8552,4.9922,7.3949,5.1386,3.8301,7.9903,5.9669,5.6675,1.7624,6.5507,8.5237,7.8434,3.3035,7.0359,1.0814,5.9409,7.4175,6.9376,5.2338,3.5274,6.4503,9.377,6.5076,7.4966,8.1547,6.923,3.4207,3.8595,4.0004,5.1443,8.104,8.1255,8.1285,7.8157,5.4368,6.4043,5.2588,7.4045,9.4408,7.2842,6.1328,6.9867,8.7604,6.7455,5.4625,6.4035,3.7021,8.8618,4.7959,8.1889
"PHGDH",9.1398,9.9347,8.8823,3.7739,2.9885,8.5597,3.8292,9.2336,5.9269,7.4532,7.4791,7.6383,9.4971,4.2165,10.1811,6.1698,5.9383,7.5705,6.8249,5.4347,5.1098,7.6838,6.5007,7.7908,7.5338,5.1939,8.2985,6.3148,5.282,10.5844,9.0443,7.0927,5.5047,7.6985,8.3604,7.423,8.9861,4.5318,8.1717,9.5397,8.9206,4.1586,7.2052,6.5142,8.137,8.6414,6.5185,6.9668,4.3747,8.6091,8.5621,5.6116,7.3079,7.8017,10.8611,5.4893,4.6404,5.7086,5.6145,8.2213,9.7001,11.4201,4.2995,7.2268,7.8462,7.4971,8.7863,9.3777,5.7908,7.3615,9.6646,12.9741,7.2657,4.0051,8.9905,5.88,9.5391,7.0486,6.6012
"CTHRC1",8.2715,7.6977,3.6603,7.4709,4.8453,5.4357,4.9102,5.2201,9.6861,5.464,4.4922,9.2053,7.2518,7.8014,10.8352,3.9027,8.9463,7.2924,8.5049,4.498,3.7328,6.2466,6.664,6.52,5.7982,4.5916,5.746,5.0961,9.4613,9.241,8.1263,8.3033,6.9653,5.9501,7.7468,8.3052,5.543,3.6282,6.207,8.5807,7.3931,5.0803,9.2037,5.7993,9.0059,9.5109,6.1192,9.1918,5.3238,2.8294,8.1335,5.1632,6.0078,8.6019,7.9893,5.9972,7.4332,2.0498,4.5914,6.1254,5.2283,6.7075,6.6448,6.1696,6.4164,4.5257,6.2342,8.3752,7.8564,4.8076,5.174,12.0432,9.6625,6.2236,7.1976,4.5139,9.9797,6.1557,3.8684
"ATP6V1B1",6.0173,7.1038,1.1977,3.3746,2.4917,2.9765,4.6003,2.0478,2.2448,2.9492,6.1476,6.0142,3.0919,1.4641,1.933,2.5495,4.4857,6.8294,3.3681,3.0894,2.72,4.5295,8.3028,4.089,2.2341,1.8067,1.8825,2.5219,3.4029,3.7639,3.1222,4.1325,0.9449,1.8658,8.2325,2.2568,3.1382,2.375,1.8009,2.6357,2.0104,2.8502,1.2878,5.5123,1.0978,6.964,1.2286,2.2442,1.6753,1.5257,5.0863,3.8138,5.7187,2.3833,7.0334,2.711,3.5622,1.0334,1.9864,3.552,1.768,6.5509,3.6106,3.3999,0.7734,3.4815,5.9618,7.6449,6.6145,0.5595,1.0567,3.2784,2.1964,4.7528,7.5391,2.5645,4.6841,2.3741,1.8282
"KCNK13",6.3883,6.9715,5.5323,3.7146,5.5263,3.8292,1.6389,3.806,6.028,6.6053,4.0984,6.5055,6.9499,5.8512,6.536,4.6244,5.4743,2.9386,6.9168,3.7232,2.72,5.7375,6.5641,4.7099,1.9179,3.189,4.6544,7.3241,6.7326,6.3672,2.953,7.4848,2.9022,4.185,8.8919,3.9614,6.5554,1.1351,1.4094,5.9252,5.8079,3.7466,5.7382,1.6925,7.4314,5.8047,4.2582,1.6972,5.3079,3.9159,5.6823,7.6322,0.6915,4.9538,3.5879,4.9779,2.6794,2.0498,3.1214,2.5384,6.5176,8.4253,3.371,3.8729,2.7387,7.34,8.1817,7.291,3.6254,4.3522,4.7214,4.646,4.2415,5.9604,7.6701,2.6919,3.7624,6.3158,0.8878
"KIF20A",9.0053,9.186,7.5981,5.6926,5.7597,9.271,7.7163,9.1845,6.3011,8.356,7.7189,5.2633,10.8917,9.6094,6.8397,4.3082,3.9926,10.5598,7.4959,7.5996,3.23,4.8981,10.0001,7.5884,4.1807,7.1514,9.2676,7.9403,6.3506,8.9899,6.8046,9.2324,5.6447,4.8464,10.0727,7.0583,8.4429,3.5567,9.1249,10.1941,7.3311,5.258,7.7536,3.3116,6.7874,9.0129,8.8595,6.6063,6.0527,7.6041,10.8686,8.8848,9.0663,10.0833,6.6602,4.2502,5.4549,4.6879,6.7894,7.6172,10.1786,8.6872,10.2255,7.7953,7.3958,5.7876,7.1994,9.7072,6.6487,7.3236,8.5661,8.8225,7.1572,6.7543,4.6655,4.0261,9.4408,6.2056,8.8803
"ACCN2",7.3258,7.644,2.9008,2.8205,1.7277,2.3863,5.7224,4.9334,5.4429,3.5417,4.0984,6.114,4.9795,2.7478,5.3668,5.0775,5.4531,3.1504,8.425,2.2497,2.4518,3.5906,1.8929,2.6643,1.2566,1.1694,4.1857,7.964,5.1093,7.4568,4.0369,2.7496,4.4775,1.8658,7.5757,4.6297,2.9267,3.318,2.3619,3.7042,3.6565,3.9257,6.4747,3.4653,7.0333,4.7735,4.4027,5.4466,4.2801,2.9217,7.2142,3.4802,2.4074,3.3079,5.6482,2.6054,5.0466,2.7188,4.7899,5.1155,8.4406,5.3631,3.0835,3.3363,2.5766,2.6052,3.8028,4.9622,3.2036,1.9421,1.0567,9.9666,4.2716,2.3656,0,5.0541,6.3586,2.59,3.1132
"B3GNT4",3.1924,4.3354,4.6769,2.7033,2.1597,5.4705,5.3819,3.4399,2.687,0.6418,0,5.8012,2.1833,2.6501,0.4881,1.1464,3.8045,2.6903,2.0921,0,2.2963,3.34,1.2369,1.3366,0,3.0867,2.5452,3.1909,0,2.0073,0,3.6381,4.6468,1.8658,6.4931,0,5.4862,0,0,1.1397,1.8172,0,5.966,0,2.9711,4.0331,1.8824,6.0452,2.8365,0.5556,5.0086,1.9645,2.4074,2.0977,6.8843,0.9446,1.7298,0,7.8437,1.0772,4.6472,3.5542,1.5206,0,1.6452,1.4302,3.5065,2.7232,4.5417,0.5595,2.0841,4.5213,0.845,0.6033,3.9393,0,2.1595,0,0.8878
"XKR4",0,4.5151,1.8429,0,0,4.5685,4.3239,3.4399,4.3,2.2992,0,0,4.7376,0.9103,1.933,1.1464,0,0,0,0.5553,1.6939,2.9494,4.2203,1.3366,4.893,2.0437,5.2712,3.3905,0,2.1775,4.9922,2.6062,0.9449,0,2.0351,0,0,0,0,2.5394,1.0069,0,6.0933,0,2.7444,6.9942,0,5.1451,0.5249,3.5028,0,0,0,1.2665,1.9092,1.2552,1.3474,0,0,2.9372,5.3609,4.5272,2.7241,0,5.6216,3.6853,4.0485,0,2.296,0,1.0567,0,0,1.3548,0,0,0,0.8772,0
"CDC45",8.4667,9.1181,5.856,4.2204,3.1847,8.4722,7.0625,9.4968,5.072,7.6309,5.4598,4.7871,8.3622,7.6611,5.5761,4.7598,1.5587,9.2327,4.5472,4.0843,2.122,4.8267,7.9057,5.1111,3.4229,6.5363,7.5954,5.6573,4.1505,7.1234,5.6751,6.0138,2.9022,4.1496,8.1165,5.5513,4.1546,1.1351,6.4586,7.3023,5.1833,1.8726,5.8862,3.7308,5.066,7.5687,6.8394,3.9955,4.1073,6.1782,8.9361,6.7211,7.8011,7.8017,7.0384,3.9385,4.5482,4.285,4.9366,7.7766,8.2275,7.6567,6.869,4.7514,6.4043,4.1658,6.8988,9.2051,6.4883,5.6103,7.0171,8.5063,7.189,3.5733,6.3022,4.2905,8.8537,5.2088,6.7224
"AK3L1",3.1924,8.0701,8.0703,3.0297,3.5115,8.5413,5.86,6.6173,4.6903,5.5355,4.0984,9.0731,7.3953,7.8268,3.5694,5.1777,8.3195,5.7956,6.0092,4.9994,3.6061,7.2278,5.126,3.4484,5.1961,6.5266,3.7968,6.1864,6.3221,4.9637,5.1176,7.2027,6.428,5.3614,7.7468,4.2748,9.4838,1.4826,3.4512,3.1079,5.7278,5.4163,9.0395,3.7308,6.3057,7.3876,8.9737,8.8501,7.3086,5.0214,9.8674,3.8138,6.524,8.1829,9.0365,4.9566,4.1691,2.375,9.6486,6.7238,9.0506,6.8628,7.0427,4.7269,7.0313,5.494,7.0847,7.5551,8.1445,5.8543,8.7329,8.4578,5.9798,5.2428,5.5364,6.726,8.6998,5.9562,7.8492
"SMC1B",0.7471,7.8644,3.1313,3.4493,1.7277,3.3942,1.0406,3.9799,1.8952,5.8193,0,5.5274,4.8961,4.6546,1.3843,2.3917,1.1999,1.7758,1.925,2.5096,0,3.7536,0,2.9754,1.2566,3.8818,1.8825,3.6461,1.3764,2.7087,1.5493,2.0637,0,2.1783,3.9743,1.3894,1.4859,0,5.566,2.7259,1.5942,3.3035,4.3717,1.0814,1.7139,2.0265,3.7827,2.8033,0,0.9558,2.0423,2.4206,6.7219,7.6584,3.5879,0,1.3474,1.2605,0.6713,4.3908,3.173,5.0792,4.2995,0.9336,0.7734,3.4815,4.8828,4.0459,5.9453,3.9715,2.2571,0.5002,3.4533,1.3548,3.2637,0,7.7664,0.8772,0
"CTSL2",7.6275,8.1493,4.4395,3.8857,3.7779,8.3973,6.5711,9.7185,6.9391,4.5142,6.4433,7.3382,10.3715,5.8512,6.4255,5.6482,5.4316,7.5659,6.4549,5.2334,3.047,8.4852,4.6681,5.2905,3.9407,6.1615,6.8714,6.8688,4.333,7.3804,4.0369,9.3226,5.176,3.7378,10.7205,2.9028,5.5977,2.375,6.239,5.1166,5.4729,4.0076,6.7761,1.0814,7.1709,6.3229,3.5543,2.95,5.9126,6.4425,7.6706,6.6394,7.3135,6.957,7.6197,3.2206,8.0878,2.1666,3.9279,6.6082,7.8995,7.5905,6.7981,4.4246,4.805,6.4502,8.8632,8.851,6.1419,4.3522,5.0144,4.1012,6.2676,3.2184,6.5578,3.8732,5.4987,4.8387,5.899
"CASC5",6.0472,5.7812,4.602,3.9895,2.1597,7.7017,5.6634,7.5248,4.2494,6.828,0,2.5882,7.3013,5.8945,6.2227,2.8213,0.7212,7.768,5.5737,5.1784,1.0825,2.7578,3.5674,4.089,2.6074,6.2231,6.2422,5.839,4.2447,6.0971,3.1222,5.3377,1.9166,3.8301,4.6446,3.9105,4.5736,2.5324,5.591,7.5601,3.5976,1.4723,7.0724,0,4.7052,5.4892,6.6498,3.9263,5.3395,5.8774,7.3266,2.4206,7.1356,7.5616,3.642,4.4156,3.0595,3.9361,4.5187,7.4131,9.409,4.7559,3.9958,4.1567,5.6007,2.9597,4.1918,7.279,4.904,5.1339,6.4761,5.1286,3.3999,6.0077,4.4616,2.2699,7.5024,4.96,4.3616
"CENPA",8.6362,6.7621,5.4914,3.4493,2.9885,7.4547,6.3175,7.681,3.084,5.408,0,4.0714,7.714,6.7233,5.5638,3.5756,3.1348,8.6626,5.1499,4.8192,2.5921,3.4068,6.8788,4.7099,2.2341,5.2891,6.7178,5.769,3.2296,7.3226,5.9694,6.1099,3.982,3.0094,7.1495,4.5979,5.9735,2.6744,6.0171,8.803,5.6282,2.4427,6.031,2.9442,4.1782,7.5143,4.9954,3.696,2.8365,5.8186,8.4041,5.9866,7.2853,7.943,6.5654,2.9016,3.5142,2.6402,4.9643,6.9217,8.2197,7.6323,6.313,4.8684,5.445,3.4815,6.077,8.7564,4.3614,4.4493,6.5192,7.4414,4.466,4.0511,4.0265,2.5645,7.6529,2.9438,4.9431
"TMEM121",7.5035,7.5982,2.2872,3.2124,0,2.8763,3.2413,2.3307,6.4319,2.5951,4.4922,9.0365,4.9591,6.218,4.6984,3.7154,5.3422,6.8823,5.6291,1.525,3.4672,4.5591,6.8788,3.7229,3.4839,0.7001,4.7439,3.8632,7.7313,5.118,5.4069,3.2125,5.3497,3.7847,9.0521,3.8578,2.5367,1.1351,2.9307,3.1735,3.5361,3.4277,5.6853,1.0814,5.7856,6.7917,1.5922,5.1451,2.3072,1.7438,5.9238,4.8367,1.5085,6.1172,5.5666,3.2904,3.4132,1.7835,5.8842,7.0561,5.8056,3.0623,3.6106,2.5862,3.138,4.0227,3.1332,3.0579,4.904,2.741,6.0401,5.0037,3.0984,2.3656,4.82,3.508,7.2004,2.3741,5.8143
"EPHA7",0,2.1921,3.1313,1.0721,0,3.8292,0.6121,9.6929,2.3448,4.4039,0,4.9032,3.3008,0,1.1427,0.6842,3.1348,5.6289,0,0.5553,0,0.9713,2.3422,2.8283,1.5122,2.9765,4.4916,1.2358,0.8465,1.8143,1.9598,4.4589,0,0.5269,4.1099,0.6228,5.5243,1.1351,0,0,1.0069,0,0.5661,0,3.167,8.5241,0,0,0.5249,2.2505,0,1.9645,2.5657,4.0412,0,1.2552,1.11,0.7638,3.6837,0,4.9006,1.9366,0,0.541,1.9401,0,0.8982,1.8425,2.4065,1.2758,2.4115,1.1656,0.845,1.6214,2.1197,3.0179,2.6326,0,3.2484
"FAT1",9.8374,10.6561,6.4109,8.3644,6.1368,10.774,3.9818,8.7362,10.6318,9.1469,6.0338,11.4493,10.5128,13.1836,11.5429,8.7804,8.3195,8.5874,9.0705,8.5532,5.2221,10.3673,9.6466,7.3663,6.0808,6.727,11.6587,8.5535,7.3733,11.6971,11.9988,7.6308,7.1922,8.174,11.2464,9.3657,6.2257,8.3845,9.3594,7.9169,10.9526,7.9156,8.0515,4.8531,10.0915,11.4909,7.6426,9.4816,6.0335,10.9874,9.0411,11.0802,6.5899,9.4094,9.9705,7.6357,9.9982,10.9762,9.5966,9.2526,10.9994,9.2151,7.3039,9.8183,7.1728,8.2737,6.4203,12.0405,11.3972,8.7458,9.4575,10.76,10.0499,8.4249,6.2488,7.3014,10.1918,8.2073,6.2447
"MELK",8.0308,9.5926,5.6484,5.8525,4.1031,9.2449,6.419,8.3273,5.4652,7.2129,4.0984,4.3422,10.0702,8.7145,6.3913,5.6129,1.5587,10.0958,6.1198,6.1583,1.9238,5.8737,7.2313,6.2577,4.4489,7.5527,8.8621,7.5126,6.1135,8.1544,6.5906,7.2874,5.6971,4.4981,8.8966,5.2977,6.2601,2.1982,6.7414,8.8639,5.1631,4.0851,6.868,2.1204,7.6962,7.1672,7.0947,5.5422,6.3987,6.2151,10.0735,7.6427,8.3421,10.0664,7.4595,4.6462,6.815,4.0004,5.81,7.3425,9.5993,7.7277,7.6102,6.6854,6.6483,5.1251,7.3597,8.9052,7.6667,5.6652,7.5028,8.0832,7.0572,5.6972,6.884,3.6403,9.383,4.8803,7.8439
"DNAJC22",6.0021,3.7058,2.2872,1.0721,0,1.3705,5.2874,4.7535,5.2109,1.9265,0,2.0304,2.8476,3.4743,5.0001,0,2.6297,3.6456,2.6156,0.5553,0.6405,5.7885,3.1924,2.0183,2.9037,0.7001,0.6205,0,2.6294,0,1.9598,2.7496,0,1.6798,3.6575,5.448,1.138,1.1351,1.8009,3.0392,0,1.4723,3.8535,0,2.8622,6.5083,1.8824,1.6972,1.4622,2.1005,3.6016,0,2.4074,2.5074,7.4708,0.5482,3.3047,8.3311,2.3639,0.4542,0.8495,1.7059,0,1.4957,1.2742,1.4302,2.1554,6.3197,3.0756,0.9616,5.1954,5.3352,1.921,1.3548,3.19,2.6919,1.8483,1.4188,0
"PI16",3.4824,2.5628,2.2872,3.2124,1.7277,8.2893,2.5253,4.6544,0.7485,2.1249,0,0.4706,3.6953,1.6775,1.1427,2.2144,2.6297,7.1333,4.3957,0.5553,1.6939,4.2305,1.2369,3.2312,4.105,3.7541,4.8282,4.6274,1.3764,5.8551,4.4081,3.5625,3.0705,1.8658,5.2548,2.9028,5.0882,3.402,2.1085,8.101,2.333,3.542,2.1256,3.955,2.4753,9.5646,1.5922,1.9964,4.2801,7.4065,0,1.2936,2.838,1.7411,2.2249,0.9446,3.1873,0.4318,2.1875,3.802,4.7148,4.3783,2.2444,1.4957,3.138,4.6281,5.6752,3.0579,3.7565,1.2758,3.9617,4.1692,1.921,2.041,1.7613,3.0179,1.8483,0.8772,0
"MKI67",11.2418,10.247,8.4417,7.583,6.7617,10.6827,9.829,10.9329,7.5649,9.0556,7.7552,6.3641,11.5226,10.992,9.9154,6.7358,3.9926,11.543,8.8242,8.1972,4.8551,6.7691,10.4911,8.6242,5.1019,9.2423,9.8044,9.3788,7.2311,10.6332,9.0986,9.5055,6.5327,6.6077,11.1838,8.5638,8.2024,5.2052,8.602,11.9901,8.3713,6,9.0049,5.5123,8.0278,9.7087,9.0543,6.4299,7.5405,8.7129,11.9441,9.6965,10.6747,11.077,8.4592,6.0179,6.3455,6.5356,7.902,10.4916,12.1401,9.8287,9.5625,8.7207,8.9106,6.6582,8.7635,11.6711,9.0661,8.2866,8.8939,10.3569,8.0475,8.3021,6.884,5.6639,11.8547,6.6402,9.518
"PRR11",3.8648,3.5496,1.1977,2.5757,1.1084,4.8586,3.465,6.5569,1.757,4.8862,0,2.6779,4.8077,5.1595,6.2149,2.0122,0,6.8823,1.7361,3.7232,0.6405,0.9713,1.8929,0.8179,0,3.5383,4.4568,2.3408,3.8647,4.2187,0.9734,1.8256,2.7116,3.9584,1.35,3.8578,2.2023,0,4.1344,6.3929,2.333,0,4.4998,0,2.6161,4.6273,4.8005,1.9964,2.4297,4.0447,4.9264,0,4.3267,5.8269,3.5879,3.4817,0.8256,3.3324,2.9103,4.7091,7.1552,1.4312,2.2444,2.2142,5.6007,0,1.4476,6.8803,3.0756,4.2117,3.8033,4.9467,4.8111,4.9595,2.4066,0.6286,6.1276,2.3741,3.486
"NACAD",9.3879,6.2388,4.4395,4.3033,2.1597,3.7745,3.1584,2.1962,4.7278,4.8862,3.5549,6.673,5.3364,5.2456,8.9384,3.3366,7.3211,9.4128,4.4885,3.5019,7.1135,7.2462,6.6249,4.8309,5.2844,4.3029,2.5452,4.9135,8.0333,5.1592,3.8567,4.0792,3.8949,3.0094,8.1987,5.9291,5.0625,1.1351,4.6447,3.6591,4.9441,3.3035,6.1914,3.1396,6.209,7.0763,1.2286,7.3506,2.1732,5.2523,5.0086,1.9645,4.1875,7.0261,5.5096,2.3676,3.0595,4.0004,5.3677,3.7234,4.3956,6.6838,2.7241,3.3363,3.138,4.0227,3.3925,7.9814,5.4472,3.8344,5.5516,8.0316,6.9026,1.8464,5.1657,4.7072,6.2641,2.59,2.6093
"SHCBP1",9.2257,8.7143,7.3913,6.1387,4.9569,9.9318,6.7588,8.3941,7.6842,9.0419,4.8012,5.5865,10.0534,8.9302,6.9282,6.4755,4.3996,10.1109,6.1673,7.6511,2.8374,5.6014,6.2408,5.9188,4.354,8.5465,9.6412,7.5548,5.8595,7.6207,7.0234,8.3292,5.5338,5.9084,8.8245,6.2282,7.3281,3.0318,8.3975,9.2091,6.3082,4.7405,7.7632,0,6.9559,10.0979,8.496,5.8345,6.127,7.3985,8.781,7.1622,8.7697,9.7219,8.3779,5.7593,6.5555,4.8882,7.1679,8.3545,10.1371,8.8285,8.5137,7.8041,8.3576,4.7238,8.2691,10.0801,7.7737,7.704,9.3094,8.4006,8.261,7.014,8.4975,5.0541,10.6544,7.0934,8.0569
"GRIN2D",8.3426,6.6318,4.5231,4.8907,3.6508,7.6457,2.7685,6.8591,6.6721,3.3168,8.7874,10.5151,8.9056,6.3943,5.2342,3.5002,7.0087,6.0143,5.425,3.3771,6.0769,4.0747,5.3822,5.4501,5.1592,7.0394,5.4235,3.9917,6.5357,7.7067,6.5467,6.2248,5.1386,4.35,11.7496,5.448,5.9872,1.9967,3.9143,4.9949,4.8462,5.5589,5.5438,4.0553,4.8261,8.9033,3.917,4.4048,3.7787,3.9159,6.6362,6.7211,4.7124,4.8868,5.071,3.1472,6.7072,4.5225,5.5245,4.3124,10.7645,4.7253,3.816,4.7019,4.3828,5.7876,4.552,6.3657,9.9191,3.1786,5.3562,5.4074,3.9755,3.5733,5.7177,4.2076,7.7403,4.9983,2.138
"FOSL1",6.9518,5.3788,4.4395,3.3746,5.4896,6.7517,3.2413,7.0661,3.8678,3.2333,5.9102,9.6966,6.4916,6.1571,5.7263,3.7154,7.6633,3.335,7.176,3.0894,5.1558,4.6447,5.5996,7.1815,4.2872,4.6285,6.1794,4.4147,5.0056,3.3307,7.1657,5.6796,3.7033,5.2488,8.1757,5.5678,6.4,4.893,4.9837,4.9012,5.9084,4.4201,6.6157,8.0158,5.6282,9.6819,3.7105,4.1853,5.1564,6.3121,11.1094,7.5563,6.8194,4.8165,4.4377,3.5402,8.6294,4.3106,6.5181,8.8094,7.2833,6.6517,5.2624,8.2503,4.805,4.6281,8.1023,7.8689,6.3705,4.2482,7.8419,8.7438,3.7803,4.8073,3.4006,5.9581,11.9986,4.2787,3.1132
"RHOF",10.6743,11.7357,10.9291,7.5227,8.1749,10.7215,12.1465,12.4387,10.9229,10.5491,10.6328,11.28,12.4259,10.3563,10.8716,7.9789,4.3311,11.1763,9.4586,7.6256,10.6214,9.84,10.6741,7.3424,11.1982,10.903,10.722,10.5187,8.799,10.209,9.6646,3.4957,6.2786,9.4127,9.2066,7.0888,4.8901,8.7343,10.7243,11.7321,10.5723,8.803,9.64,9.3547,5.1494,10.6801,11.2839,7.7323,10.7157,10.132,9.1835,8.3247,10.0609,9.3028,11.9983,6.8809,10.2532,8.9027,10.7632,10.8648,11.232,11.8009,6.0319,10.0268,9.9424,9.7596,11.7435,11.6752,10.219,10.0565,9.2478,5.8859,9.8368,10.3347,9.2647,8.5174,7.2655,10.6884,9.1969
"ISL2",1.6018,1.4776,0,0,1.1084,2.2326,0.6121,6.3105,4.7462,0.6418,0,5.4531,2.4402,0,2.3295,0,3.0241,4.118,0,0,1.4204,0,0,1.3366,0,1.1694,0,0,0,4.0536,0,2.0637,0,0.5269,2.4976,0,1.138,0,0,5.6988,0,0,2.2763,0,0.6509,1.862,1.2286,0,0.5249,0,4.0909,0,6.4849,1.2665,4.1323,0,0,0.4318,0,1.3102,0.4865,4.3783,0,0.9336,0,0,4.9649,4.1891,0,0,0,5.9523,1.1338,0,0.9679,0,6.2228,0.8772,0.8878
"RFX6",1.2369,0,2.9008,0,1.1084,4.2853,0,1.4809,0.4222,0,0,0.4706,3.4832,5.1771,0,0,2.2903,4.4733,1.925,0,0,0.9713,1.2369,0,0,0,3.9552,0.7464,0,4.8674,0,1.5402,0,0,1.35,0,0.6783,1.1351,0,3.4097,1.0069,0,0.9717,6.1561,0,3.733,0,0,0.5249,1.5257,0.5317,0,7.1852,1.7411,1.9092,0,1.8887,0,3.0197,4.1109,4.4496,4.6297,0,0,0,0,5.5209,6.6081,2.5092,0,3.5608,0.5002,0,0,0.5636,1.6711,0,0,0
"WNT5A",4.3698,8.3441,6.8272,6.8675,5.7597,8.9732,1.0406,10.2622,8.3337,6.511,7.2938,6.4493,8.7674,8.9158,9.2616,5.1533,5.3189,7.2413,7.0798,6.8757,8.6338,6.5351,6.0173,5.475,7.1142,9.9798,9.1727,6.7098,6.8116,12.0931,5.9914,6.4723,7.7769,4.8683,7.4016,4.0581,9.0315,7.268,5.2579,8.7245,8.3735,6.662,6.96,4.7371,6.4817,10.4496,5.3204,7.948,8.086,6.6525,4.9885,8.6754,11.3457,8.1332,9.0403,3.753,5.8712,3.3815,7.4332,5.6497,8.258,8.7586,6.2786,4.9766,7.5292,6.7519,7.861,8.8362,8.1365,4.6801,7.8887,9.5766,5.2337,8.9107,5.1657,5.8933,8.2251,5.5295,8.5772
"HTRA3",8.7011,7.0219,4.5231,5.723,6.0131,6.2688,5.2276,5.6123,4.3729,4.0607,6.9618,7.5696,7.2518,10.2615,7.0516,5.2253,5.5954,8.8141,7.1667,4.5852,5.133,5.1335,6.8788,5.3457,6.0808,3.189,6.136,3.6461,3.6522,5.8551,12.5846,5.0359,5.4447,6.3515,6.2939,6.0633,4.8687,5.9545,5.1941,4.3113,7.3624,5.8747,4.0336,4.9078,5.7091,7.6841,4.7293,6.4911,3.8681,8.7225,12.4861,5.2756,7.6765,5.2308,7.7362,4.3517,5.678,5.5986,7.0947,10.8954,3.612,4.2121,6.4113,7.4757,5.9377,5.4387,5.2856,6.3429,6.8282,4.1744,8.7565,10.0842,5.8857,4.5439,6.9909,6.9718,7.4885,5.142,3.2484
"EXO1",8.7745,7.4878,5.4493,4.5608,2.9885,7.5914,6.9743,8.2989,5.9744,7.4063,3.5549,4.2862,8.1782,8.7296,6.2686,4.0152,0.7212,9.3146,4.7103,5.2864,1.0825,4.0747,6.5847,5.6163,3.5424,6.9328,7.835,6.4326,4.3041,6.7239,5.1956,7.1584,4.5926,4.7314,6.9288,4.3531,4.6096,1.4826,6.239,8.3886,5.4058,2.4427,5.6021,1.6925,5.4702,7.5553,6.3741,4.5953,4.8401,5.5559,7.9585,5.9866,7.2332,7.4692,7.1822,4.7978,4.8481,3.6456,5.1918,7.003,8.6145,7.7239,6.7235,4.7269,6.1106,4.7238,7.3823,9.4046,5.831,6.0629,6.4496,7.472,6.4625,4.6371,6.0236,3.508,8.6555,4.96,6.7681
"INHBE",3.4824,3.7543,4.3508,0.6335,1.7277,4.6003,1.6389,2.0478,1.8952,3.3957,4.0984,1.8874,3.0919,1.6775,7.0905,2.8213,0,1.1454,2.5014,0,1.0825,1.2874,3.7237,2.2672,2.8115,0,2.2515,2.5219,2.8044,8.0972,0.9734,1.1842,1.9166,0.9119,5.1005,1.3894,1.4859,1.4826,0,1.5877,5.3533,0,2.4127,1.0814,3.3394,2.3082,0.7413,1.9964,1.6753,4.3407,0.5317,1.2936,2.0269,2.7275,4.0547,3.0699,2.3916,3.1172,4.0873,2.1142,3.173,1.9366,0,3.6815,1.9401,0,0,3.2,2.5092,2.1098,6.2594,10.9058,3.7379,1.0274,2.1197,1.3997,3.8078,0,2.7975
"VAX1",0,0,1.1977,0,0,0,0,2.0478,5.5927,0.6418,0,0.4706,0,0.5259,2.0776,0,0,0,0,0,0.6405,2.7578,7.3319,0.8179,0,0,2.2515,3.3905,1.1356,0,0,1.5402,0,0.5269,6.336,0,0,0,0,3.7042,1.8172,0,2.95,0,5.9675,4.1447,0,0,1.4622,0,0,0,0,3.0052,6.0088,0,0.471,0,1.4738,2.3419,0.4865,4.9792,0,0,0,2.1342,0,6.8537,0.4762,0,0,0,0,0,0,0.6286,0,0,0.8878
"CLSPN",4.5477,5.3941,1.8429,3.7739,1.1084,5.7928,3.9327,7.1863,3.4409,5.9558,0,0.8248,5.7464,6.0073,4.4553,2.5495,0,6.7423,2.9122,4.1237,1.0825,0,2.3422,2.2672,2.4934,4.0544,5.494,4.1651,3.1013,4.4356,2.5403,3.4826,2.4919,3.7847,3.1286,3.3475,1.7661,0.6764,3.7465,6.6275,1.8172,0,3.1968,0,3.7595,4.6273,4.7653,1.6972,3.5274,4.4377,6.9694,2.4206,5.1474,6.3751,3.4732,3.5964,2.0318,3.5628,3.6837,4.9867,7.1992,3.622,4.1556,0.9336,5.0409,2.1342,4.1219,6.9773,3.531,3.683,5.2165,6.192,4.2108,4.5439,1.9516,1.6711,7.0528,3.4649,2.7975
"GLIS1",2.3422,0.9203,1.8429,0.6335,0,0.6121,4.3239,3.7591,0.4222,1.6965,0,4.3145,3.0919,0,1.933,0,1.1999,0,0.5522,0.5553,3.5383,0.9713,2.3422,0,0.549,0,2.9975,0.7464,1.5827,0,4.197,1.1842,1.511,1.4662,2.0351,0,0,0,0,0.8498,5.9677,0,1.9572,4.237,5.394,5.5309,1.2286,1.6972,0,0,3.1001,0,2.838,0.954,2.8935,0.5482,0,0.4318,0,0.4542,6.5793,7.2904,0,2.0653,0.7734,0,0.8982,1.1973,1.7427,1.2758,1.0567,6.7315,1.5804,0,0.9679,0.6286,6.1889,0.8772,0
"NRIP3",7.2442,8.0189,7.239,7.9636,3.3574,3.5969,4.5027,5.4592,7.326,7.5896,6.8317,10.0846,6.7802,8.6544,4.9633,5.6655,8.1651,4.94,6.1198,3.1669,8.1989,6.9255,8.2524,6.5319,9.4489,8.1271,6.4248,9.5253,6.8817,5.0756,7.2227,7.7592,6.1559,6.6839,6.1439,3.803,6.0925,3.1336,7.1642,8.8564,6.8465,5.9594,8.3962,6.8574,4.8548,8.2186,6.3023,6.9407,4.3439,6.9553,7.453,7.1475,7.8596,7.3333,8.2134,6.1553,8.4783,3.2815,6.2526,9.0327,8.0136,9.1288,4.2995,3.1268,7.3774,5.1251,9.4436,9.1914,9.1823,4.4802,5.0619,8.3205,5.5963,2.9541,8.3383,6.2549,9.1297,6.104,1.4333
"RASD1",9.2484,7.7673,7.012,6.7833,8.967,11.6286,3.5969,9.1889,6.5412,6.173,6.4433,8.2882,9.6725,7.903,6.3982,8.3685,10.4263,7.0762,6.5076,6.3449,8.3123,7.772,9.8743,8.3752,10.7326,7.33,8.9681,8.5742,6.4916,7.9956,10.3115,9.5539,7.4732,7.502,11.2961,7.8382,11.3352,7.9192,7.8938,8.8626,5.7949,5.258,10.4094,7.0761,6.8881,8.906,7.2807,8.0287,4.8179,10.1922,12.3727,8.6126,9.3289,8.5844,7.2621,7.827,6.7388,5.079,11.9509,7.3942,11.3516,8.8231,7.4803,5.3266,8.5029,7.3846,8.4003,9.186,8.1,6.3744,11.6695,10.2411,9.0327,6.8418,5.6912,6.9142,11.9074,8.2712,4.3007
"ESRP1",0.7471,2.8574,0,0,0,2.2326,4.8321,1.2287,1.0143,1.6965,0,5.503,0,2.4323,2.0776,0,0,0,0.5522,0,0,4.1547,5.6782,0,2.2341,0.7001,0.6205,0,0,3.4683,0,0.7103,0,1.2156,5.4205,0,1.7661,0,0.8703,1.1397,0,0,5.6021,0,1.7139,5.7231,0,1.319,0,0.5556,1.6906,0,0.6915,2.5074,7.4329,1.9161,0,0,1.4738,0,0.8495,4.815,3.0835,2.0653,0,0,3.5065,4.3503,0,1.9421,0.6229,0.8709,0.4835,4.0511,5.4123,1.6711,0.5195,0,0
"NEK2",8.8163,7.6695,5.6484,5.1591,4.4469,8.4462,6.6792,8.3293,5.7098,6.8631,4.0984,4.6387,8.5731,8.5966,7.6078,4.5516,1.5587,9.2813,4.5472,5.8532,7.5733,4.1547,6.8621,6.3948,3.5986,6.6303,7.5994,6.958,4.1826,7.3135,6.1564,6.9882,4.1417,4.1134,7.2111,4.8883,6.0408,3.318,7.1559,9.1036,6.0797,2.6608,7.1477,2.45,4.3892,8.0495,6.5291,4.1853,3.2892,6.9498,9.3886,5.7735,8.2489,8.7092,7.5683,4.5065,4.8089,3.1172,4.9643,7.9932,8.943,8.102,7.3208,6.3332,6.5751,3.2441,7.0286,9.6371,6.4883,5.8777,7.2241,7.6039,6.52,6.2135,6.5868,3.6403,8.6493,5.0719,7.0715
"PDE3B",6.9597,7.5578,4.8807,5.0672,5.5263,3.6585,3.7177,8.8413,8.3138,5.5179,3.5549,5.2192,4.3561,7.8708,5.2647,5.0514,5.7249,3.574,6.1101,3.5019,2.8374,4.5295,2.9606,5.7034,3.4229,4.9821,4.3844,5.769,8.2866,4.1792,4.7555,4.7249,3.8949,4.9322,5.7461,5.2162,4.7769,3.8834,3.3376,1.5877,5.1427,3.6479,1.9572,2.45,4.4656,6.1373,1.8824,1.9964,3.8681,4.2367,9.8417,2.7667,5.98,5.9303,4.4377,5.3814,7.6119,5.5882,3.9279,7.6601,6.7769,8.3647,3.0835,3.8729,2.8844,6.84,4.3221,8.2582,5.8893,2.9322,1.3896,5.3053,4.466,7.3255,1.542,4.7663,8.2458,3.3512,4.3616
"ISM2",4.5052,4.428,4.4395,2.1069,0,2.652,5.418,4.3081,2.1374,2.1249,0,6.5714,3.5392,5.9262,4.1627,1.1464,1.8458,3.7138,2.0921,0.5553,3.7328,1.5466,2.6842,0.8179,1.5122,3.8818,2.5452,2.1336,3.5575,1.5915,0.9734,1.8256,3.0705,1.6798,4.6886,0.6228,5.3653,0,0,2.7259,0.5896,0,6.153,0,2.9711,5.7231,1.8824,5.1143,1.6753,2.1005,1.2245,0,3.6651,0.954,5.7254,0,0.8256,1.2605,7.9268,0,4.5762,4.1674,3.0835,0.541,1.6452,4.9777,3.1332,2.7232,5.7599,1.7522,2.0841,3.2784,1.7608,1.6214,3.9835,2.5645,1.451,1.4188,1.8282
"DEPDC1",7.7325,7.0802,6.4752,4.2204,3.6508,8.8061,5.7928,7.7724,5.9588,7.1742,4.0984,5.189,8.9592,7.6921,5.3383,4.435,2.0851,9.4102,5.1687,6.1772,2.122,4.7255,6.9439,5.0789,3.4229,6.5363,7.6848,6.4213,4.214,6.8235,6.2688,6.6923,4.7984,4.3809,7.599,5.5006,5.6155,1.4826,6.1065,8.4967,4.9906,3.3035,6.4747,2.9442,5.3136,8.0662,6.7066,3.7769,4.4635,7.3243,9.4624,5.7347,8.8038,8.777,6.4937,3.9813,5.3766,2.9962,5.4483,6.8587,9.5661,8.3472,7.063,5.5392,6.7658,4.5257,6.8988,8.4048,6.2196,6.0527,7.1382,8.0339,6.551,5.1189,6.5431,3.5757,9.4498,4.2787,7.404
"PAX2",0,1.4776,0,1.6804,0,1.3705,3.5324,6.5773,2.6087,2.7231,2.6727,4.396,3.5931,0,1.933,0,0,0,1.925,0,0,2.4122,2.6842,0,2.0846,0.7001,2.2515,4.4598,1.5827,3.6529,0,3.3981,1.511,1.6798,6.2357,0,1.7661,0,0,5.721,0.5896,0,7.8256,0,5.9002,2.5437,0,5.2048,2.1732,0,0,1.2936,2.0269,1.5233,4.0547,0,0.471,0,1.9864,2.3419,1.9285,1.0917,0,0,0.7734,4.8135,2.1554,2.2867,0.8337,0,1.0567,1.4102,0,0,1.2833,1.6711,0,1.8117,4.237
"EFNA2",5.6589,4.5703,0,0,0,2.0605,0,3.6603,2.9634,3.7362,0,7.4506,2.0353,0.5259,1.5913,0,0,5.5188,1.925,1.525,0,0,2.3422,0,2.0846,1.1694,1.6552,2.5219,1.5827,2.4674,0,1.1842,0,0,5.2548,0,0,0,2.3619,2.3252,0,0,2.7584,0,0,2.8376,0.7413,0.8053,0.5249,0.9558,1.6906,1.2936,5.3349,5.4477,4.6104,0,0.8256,2.7188,0,0,4.5518,2.7347,0,0,1.6452,0,0.8982,6.8644,1.9021,0.9616,0.6229,3.506,0,0,2.1197,0.6286,0.5195,0.8772,0.8878
"SOX11",4.7061,4.6494,0,3.3746,1.1084,4.5027,0,0.5339,7.4091,2.1249,2.6727,5.7296,4.1557,3.5842,2.7305,1.1464,1.1999,2.0109,0,1.2681,0,2.5368,0,3.5458,1.9179,1.8067,1.6552,0,0,1.0049,5.6751,2.2681,0,0.9119,4.8523,3.1857,0,0,1.4094,4.5021,1.5942,0.9163,3.037,0,3.984,5.6866,3.7827,0,2.6474,0,4.0134,1.2936,2.7083,4.5542,3.5879,1.2552,0,0.7638,0.6713,0,2.073,4.0736,1.5206,1.4957,2.5766,0,3.2686,1.8425,3.3212,1.7522,0.6229,6.0548,0.845,1.3548,4.6925,0,4.95,0.8772,0.8878
"ROPN1L",2.829,6.8924,3.5045,1.0721,0,3.7745,7.051,2.8619,3.025,2.2992,2.6727,5.2042,5.4864,2.3097,1.5913,2.3917,1.5587,1.7758,7.1431,2.0998,1.4204,0,2.9606,0.8179,2.0846,2.8572,3.0915,2.6828,1.7631,6.8235,1.5493,5.0359,3.2212,2.9282,5.7461,1.8874,3.5614,0,3.2143,8.6672,3.1822,3.542,2.2763,1.0814,5.2062,2.9236,2.948,6.5267,3.6834,2.2505,3.7038,4.5983,2.4074,0.5544,2.9801,2.711,5.6889,1.7835,5.1199,5.9808,1.1394,5.5833,2.2444,3.9598,1.6452,3.6853,5.0799,5.3606,5.4079,1.2758,4.2343,3.506,3.1639,1.0274,1.542,1.3997,3.7624,1.8117,2.3928
"YBX2",3.392,4.8413,0,0,2.4917,3.3942,2.2326,0.9227,2.0214,2.4547,0,8.2245,3.6953,6.0747,3.1783,3.9027,3.6639,4.3065,1.2623,1.2681,0.6405,1.5466,3.9933,1.3366,0.9458,2.9765,0.6205,3.9917,1.3764,4.4688,0.9734,0.7103,0.9449,1.2156,8.6039,0,1.4859,1.4826,2.5774,4.6706,3.9198,1.8726,2.5374,2.1204,1.7139,5.1217,2.6721,0.8053,0,0.5556,0.5317,2.7667,2.7083,3.4994,4.859,0.5482,0.8256,2.1666,1.1276,2.2325,0.4865,3.0623,2.2444,4.2631,2.394,1.4302,2.6282,6.0463,5.1463,2.1098,0,0.8709,1.921,0,3.8936,1.0651,5.2086,2.1201,0.8878
"ZIC4",1.2369,6.6056,0,0,0,5.2071,0,1.6956,0,5.464,0,0.8248,1.8704,4.7041,4.6984,1.1464,0,2.5481,0,0,0,0,0,0.8179,0,0,4.3844,0,0.8465,0,1.5493,0,0,0,2.0351,0,0,0,0,0,0,0,0,0,0,3.7799,0,0,0,0.9558,0,0,2.7083,5.9847,3.139,3.357,0,1.4566,5.3469,0,0,2.4659,1.5206,0.9336,0,6.84,0,0,1.1198,0,0,2.1095,0,0.6033,0,0,3.6672,0,0.8878
"IQGAP3",9.7377,8.3342,6.0088,7.0526,6.9623,9.3231,9.1937,9.4309,5.3376,7.5513,5.9102,4.6827,9.3822,9.3782,7.2401,4.7918,3.4235,9.4632,6.2928,7.3568,3.6061,4.2669,9.0015,6.668,5.9024,7.0325,8.428,6.6719,4.214,8.6464,7.3811,7.7802,6.7713,6.1692,9.8667,6.1753,6.0408,2.6744,7.0244,10.2,7.5567,6.0778,7.0306,5.0112,5.3136,7.6114,7.5053,4.4549,5.2592,7.3286,10.5992,7.4406,8.6621,9.7945,7.4819,3.8487,5.645,4.5225,7.8249,9.3774,10.5178,7.6887,8.5644,7.3646,7.4436,5.3213,7.0939,9.7966,7.5115,7.1027,7.6183,7.9026,6.5074,6.8613,6.5724,4.6768,10.3763,5.2411,8.4106
"KIF4A",8.7834,8.8348,6.4752,5.782,4.7861,9.3815,7.9221,9.3381,6.0129,8.4946,5.4598,4.9933,9.2437,8.2458,7.4205,4.9129,2.6297,9.7294,6.4852,7.0897,2.122,4.8509,7.356,6.4712,4.1807,7.69,8.4076,7.1143,4.4692,8.6355,6.7281,7.9194,5.1002,5.8434,8.906,6.1091,6.955,1.7624,7.972,9.4548,6.4482,5.0025,8.0927,3.1396,6.2528,8.1798,7.8416,5.5878,5.1915,7.7339,9.6219,7.1177,8.843,9.3339,7.2227,5.1937,4.7271,3.7982,6.766,8.4152,9.7653,7.9618,7.6907,6.325,7.7353,5.7426,6.94,8.9859,7.0099,7.1942,8.2832,8.6738,7.2202,6.6905,6.2758,4.1644,8.847,5.7017,7.6559
"CENPI",5.234,5.18,3.9289,3.6527,0,6.497,3.2413,6.7907,2.9634,5.3889,0,2.4926,6.9133,6.6557,4.4815,2.5495,1.5587,6.8748,3.4318,4.5277,0,2.8568,5.0689,3.2312,2.7131,4.7673,4.8007,3.9917,2.1989,6.2576,2.7613,3.8439,2.7116,3.8742,3.9743,3.0034,3.4067,1.1351,4.2008,7.1395,2.5965,1.4723,5.3535,0,5.016,3.912,5.0255,2.4555,3.2892,4.0852,5.9961,3.2792,6.3716,6.6078,5.1847,3.2904,2.162,2.2745,3.6156,5.1459,7.428,4.2555,3.371,3.6294,5.9377,0,5.1163,7.8311,5.1303,4.2837,5.4304,3.7025,3.8616,4.7528,2.6457,1.8994,6.5308,3.4649,4.861
"PLK1",10.1558,9.2883,6.8435,6.0334,4.7243,9.6288,7.6533,9.1022,6.747,8.1748,5.2718,6.6621,10.106,9.3493,7.5716,5.6482,4.5669,10.8004,7.1899,7.528,3.9041,4.8267,7.5668,6.4335,3.5986,7.2494,9.0997,7.7076,5.3682,8.1921,7.6399,7.5838,5.4137,5.3458,8.8825,6.8647,7.3654,3.6282,8.0507,9.8001,6.9852,4.2285,7.0359,3.8473,6.5881,9.4074,8.035,6.2145,5.502,7.4576,9.7706,7.3536,9.2051,9.9537,9.0162,4.4465,5.7728,4.8185,7.2431,8.5523,9.9597,9.5881,8.0975,7.8071,7.5995,4.9777,7.7611,9.3253,7.4959,7.6842,8.8302,9.347,7.6501,6.9728,5.2766,4.8231,10.2443,5.2411,7.619
"HAND2",3.0811,1.4776,0,0,0,4.1198,0,0,3.9963,0.6418,0,3.7789,4.5594,0.9103,1.1427,0,0,0,0.5522,0,0,4.3372,0,2.2672,1.2566,0,1.053,2.3408,0.8465,1.3278,3.5357,0,0,0,6.9103,0,0,0.6764,0,0,0,0,0,2.45,3.4185,1.4629,0,0,0,1.7438,0,4.0845,0,0,0.5453,0.5482,0,0,0,0,1.1394,4.8719,1.5206,1.4957,0,0,0,4.8588,2.296,0,1.8876,1.1656,0,0,0,4.5812,8.7874,0.8772,0
"FZD10",4.5052,3.7058,4.8807,3.2124,3.3574,5.0549,2.652,2.0478,5.6814,2.2992,0,5.0781,4.1911,3.6362,3.7954,3.0499,5.006,4.692,1.925,2.2497,3.4672,3.9457,4.7431,1.7173,2.6074,2.2472,2.4058,1.8916,3.6056,5.5794,5.2695,3.9663,4.5926,3.4191,6.6791,2.2568,0,2.375,3.3376,3.8717,3.0996,0.9163,3.8047,0,4.6733,3.9938,0,8.1399,2.5427,2.5105,3.4916,3.4802,0.6915,3.9125,4.5551,3.6505,4.4749,0.4318,6.461,2.5384,8.7416,4.2976,4.9498,3.6294,2.394,9.19,3.7107,1.1973,5.2087,1.2758,3.0037,4.5974,3.2266,3.8053,2.7519,1.3997,5.4987,2.3741,1.4333
"E2F7",6.6927,6.8372,4.3508,3.3746,2.7613,5.602,5.2874,6.6173,2.4382,7.2291,3.5549,1.8874,5.9564,5.4911,4.2569,3.9601,0.7212,7.8499,3.9928,5.0204,0.6405,2.1251,4.6681,3.7229,1.9179,4.9533,5.8301,4.1096,2.0677,6.4275,3.8567,4.0239,3.597,3.9169,5.1642,4.3531,2.3791,0.6764,5.5147,4.4234,3.6565,1.8726,3.3406,1.0814,4.6407,4.0713,6.1192,2.8033,2.7451,4.4061,7.8316,5.2205,5.0436,5.7661,1.5046,3.4817,2.5897,2.5571,4.7267,5.6497,6.3715,4.1212,6.3793,3.6815,4.1719,3.6853,3.5065,7.4735,3.2036,5.4159,4.3148,8.1352,4.5905,3.694,1.542,3.6403,9.3354,4.8387,6.0912
"AIF1L",11.6662,11.074,11.0932,9.9424,6.5644,12.2653,10.1866,11.9199,7.2857,10.3941,9.0587,10.2762,12.0601,11.3345,11.8622,7.5491,5.9834,12.0054,10.0823,6.8465,9.681,8.8934,10.8568,9.8179,10.334,10.3094,11.634,9.5749,10.401,11.2553,10.457,10.6268,7.4657,8.1428,9.0833,9.3115,11.4176,6.1495,9.8183,11.2026,11.412,9.4913,9.3764,8.9427,11.5821,9.2613,10.144,6.0774,11.2213,11.1655,7.1157,9.6346,11.6936,9.7473,10.4145,7.6623,11.2069,7.008,9.2902,11.956,12.6038,9.123,10.3547,10.3964,11.4258,6.2071,11.0626,11.9342,10.2811,9.1282,9.2286,7.153,7.5058,12.0202,9.4331,8.2614,6.9093,10.8846,4.4763
"SPC24",5.3822,5.6334,1.8429,2.9289,1.1084,6.1233,4.5027,5.8323,2.526,5.3096,3.5549,2.4926,5.4282,6.8442,4.2262,2.5495,0,7.0762,2.2418,3.7736,0.6405,1.2874,3.1924,0,0.549,2.9765,5.2097,4.1651,2.7195,5.9165,3.4106,3.9064,1.9166,3.9584,4.6886,2.2568,2.0006,0,2.9307,6.6793,0.5896,0.9163,3.1191,1.0814,3.984,5.6109,4.6923,2.6399,2.1732,2.1005,4.7936,3.6566,4.5702,5.7907,5.2901,4.4768,1.5512,2.2745,2.5211,5.5162,6.3923,5.7442,3.9958,2.6916,4.9445,4.4154,4.7031,6.9219,3.1411,3.683,3.0037,5.3499,3.6026,2.3656,2.5311,1.3997,5.9057,1.4188,4.9026
"C1QL2",0,4.3032,1.1977,1.0721,0,3.465,4.7775,7.1089,1.757,1.4227,2.6727,3.2456,2.756,0.5259,0,0,3.3335,0,0,0,0,5.3528,2.9606,2.9754,0,0,1.6552,0.7464,4.333,2.3298,0,1.8256,0,1.6798,6.0793,0,1.4859,0,0,0.4866,0,0,4.9445,0,6.0812,2.7462,0,1.9964,0,0.9558,0,1.2936,1.7908,1.2665,3.2123,0,0.8256,0,1.4738,0,2.6352,4.7253,0,0.541,0,0,2.1554,0.517,5.8009,0,1.0567,0.5002,0,0.6033,0.5636,1.0651,0,0.8772,0
"GAL",0,6.5789,0,0,0,2.7685,0,0,0,0,0,7.2459,1.8704,0,0.8522,0,0,0,0,0,0,0,0,0,0.9458,0,0,0,0,2.4674,5.4069,0,0,0,2.2848,1.0564,0.6783,0.6764,0,0,1.5942,0,1.2878,0,0,0,0,0,0,2.8294,5.8699,0,0,0.954,0,0,0,0,1.4738,0,7.2907,0,0,0,1.2742,0,0,0,0,0,0,0.5002,0,0,0,0,7.279,0,0
"KIF2C",8.8528,8.3697,6.634,5.0189,4.9022,9.1568,7.051,9.1174,6.231,7.7218,5.4598,5.7296,9.5338,8.7606,6.627,5.7329,3.6639,10.378,5.425,6.3696,4.3618,5.3863,9.0975,6.007,4.105,6.918,8.9193,6.0004,4.7516,8.1544,7.0127,7.8133,5.0203,5.1627,8.7382,6.4041,6.3371,4.7399,7.3587,9.6483,5.5833,4.9204,6.8916,3.1396,6.0567,9.1272,6.8893,5.3173,4.1073,6.9498,10.8817,6.5529,9.2726,8.6765,7.6952,5.6573,4.4239,3.9028,5.9686,6.9305,10.6975,9.9039,7.7166,6.3812,7.5347,5.8312,8.0231,9.1569,6.3975,6.3155,7.5984,9.7125,6.3544,5.9115,6.93,4.5479,9.3489,5.0356,6.7568
"SIX1",5.495,6.6448,5.4059,5.2455,1.1084,5.5541,4.3239,4.8685,6.8569,6.877,5.4598,5.8977,4.4758,5.4187,5.624,2.2144,6.7724,6.3719,3.6618,1.9324,1.4204,6.0824,7.5873,6.2861,5.1213,3.5383,4.6233,5.0377,6.6491,4.0536,5.7545,6.8358,5.8203,5.536,7.0263,8.7918,5.7978,3.402,3.7465,5.3894,2.7121,2.6608,7.3525,1.6925,5.8724,9.0682,5.8266,6.4299,3.9523,5.0421,8.6543,1.9645,1.5085,5.5808,6.6,4.1028,5.8995,6.1526,5.8842,4.6251,4.8613,6.1977,5.6322,4.8228,2.5766,5.2588,4.3831,5.8118,5.8988,6.9943,1.3896,8.0986,3.7803,4.0955,3.5843,6.4296,8.7325,4.1486,3.3721
"KIF14",7.4708,6.6891,5.3612,5.1366,4.5922,7.794,5.5541,7.3616,6.0504,6.342,4.0984,3.4116,8.073,8.3486,6.2836,3.9601,1.5587,8.4162,5.6291,5.1595,1.4204,4.3025,6.1881,5.5237,2.2341,6.339,7.5423,7.3118,3.7834,7.5834,5.1176,5.7832,3.982,3.5333,7.1337,4.5979,5.3442,2.5324,6.1907,8.6239,5.1833,1.4723,6.2009,2.45,5.2284,7.2978,5.9414,4.5032,3.8681,5.4513,8.7274,6.0824,8.3033,7.7555,5.495,3.5402,5.0466,3.429,5.2603,7.138,9.3781,7.0344,6.8221,5.2597,5.9543,2.6052,6.0012,8.723,6.1013,4.9471,6.0401,6.7315,5.6658,5.6231,5.6912,3.7021,8.2334,5.6783,6.441
"NEIL3",5.31,5.9779,2.6263,3.4493,2.9885,6.145,5.5212,5.5856,3.5285,7.2716,2.6727,1.109,6.1397,6.5377,4.2262,3.8429,0,8.103,4.2263,4.7198,0.6405,1.2874,1.2369,3.804,2.4934,4.4749,4.3467,4.3681,0.8465,5.5014,4.8549,4.4166,2.7116,2.0304,6.3903,3.0034,3.8286,0.6764,4.6917,6.4469,4.4394,2.6608,4.9219,1.0814,3.6326,4.9478,4.8685,2.8033,2.3072,5.4971,6.7481,4.0845,4.3267,7.2063,3.8856,2.0828,1.8887,1.7835,3.5441,5.9638,5.0823,5.4214,5.3965,4.3937,4.1719,2.1342,4.9649,6.1462,3.8376,5.8777,3.3477,6.7538,4.4918,3.5733,4.82,1.3997,7.2831,3.2278,4.9431
"CDK1",11.315,10.1924,8.3301,7.7695,7.3474,10.1176,9.9105,10.7222,8.3138,9.8195,6.8317,7.0373,11.3496,10.9122,9.4561,7.4574,3.7359,11.4981,8.3732,8.2714,4.8827,6.7174,10.5731,9.4364,5.3677,9.2703,9.3836,9.2321,7.2002,10.5215,8.3344,10.2228,6.7713,6.5134,10.1563,7.59,8.4379,5.0832,8.9715,11.3333,7.8049,6.4144,9.7749,5.3242,8.1015,10.7326,8.8278,7.262,6.8132,8.7961,10.9508,9.6294,10.2872,10.944,9.254,6.1553,6.8051,5.3743,7.2488,9.7977,10.7172,10.1636,9.7243,8.9411,9.1237,6.9229,10.1736,11.4855,9.0103,8.635,8.8607,9.4927,8.3899,8.2974,8.4549,5.7396,10.6602,7.0116,10.1757
"NKX2-2",0,1.8787,0,0,0,4.8847,0.6121,0,7.2539,1.4227,0,0,0.5288,0,1.3843,0,0,1.1454,0,0,0,7.5898,0,1.3366,0,0.7001,0.6205,0,0,0.5882,1.5493,1.1842,0,1.8658,1.35,0,0,0,1.4094,3.6591,0,0,0.9717,0,3.5647,5.1576,0,0,0,0,0,0,0,0,7.1499,0.9446,0.8256,0,0,0,0.8495,5.6498,2.2444,1.7115,0,0,3.5065,0.517,2.296,3.2521,1.0567,0,0,2.6304,2.8508,0,0.5195,0,0
"UHRF1",9.0503,8.6817,5.5323,5.2029,4.7861,9.0898,6.8073,7.9211,6.2885,7.0516,6.253,4.8463,8.8514,7.5937,6.1178,4.5138,3.9326,9.4192,5.3773,6.0903,2.2963,5.2473,8.6238,6.1062,3.2228,8.0026,8.0981,6.186,4.0842,6.4691,6.0131,7.139,6.0186,4.7314,9.1556,5.6477,5.9735,2.6744,6.3309,9.275,5.2802,3.4277,6.6644,1.6925,5.6115,8.7877,7.022,5.6958,5.0648,5.3217,9.3943,7.4763,7.3789,8.8825,6.4937,3.8943,4.8481,4.4322,6.82,7.5304,8.3898,7.9353,7.1415,5.7732,6.0806,5.2588,7.7203,8.8618,6.1735,5.5677,6.8174,8.2575,6.8287,4.8854,5.5512,3.7614,9.31,4.8803,7.6001
"RPSAP52",2.1349,3.6036,3.3299,0,0,2.7685,1.3705,1.8824,4.2233,0.6418,2.6727,0,4.387,1.8633,3.1783,0,0,2.3902,1.2623,2.7298,0,0,3.5674,0,2.7131,3.0867,0.6205,0.7464,1.7631,0.5882,0,0.7103,0,1.2156,0,0,0,3.9407,4.2008,3.7042,1.8172,3.9257,0,1.0814,1.4385,5.1753,2.1238,0,0.5249,0.5556,1.2245,0,5.0164,2.3833,1.5046,1.2552,4.4497,0,0,0.799,0.4865,4.7559,1.5206,2.5862,0,2.6052,5.1518,4.288,2.6949,5.7438,0,2.9318,0,0,3.7977,3.9769,7.792,2.3741,1.4333
"SLC7A5",7.0363,11.4005,8.6833,7.9826,5.5263,9.0298,10.0048,10.3539,7.6233,6.1842,6.1476,10.3095,8.2492,10.4474,11.1158,7.8853,7.8614,8.0212,6.998,5.3376,9.6701,7.4659,3.7237,8.6682,7.3371,7.3796,9.5888,6.9019,7.0648,10.5701,9.4698,6.6564,6.0186,9.3478,9.8679,6.9491,8.1454,8.3049,5.902,8.3051,9.3931,5.154,7.8468,9.5803,8.0743,8.8522,7.0294,7.2479,7.5741,9.7408,13.2605,8.6072,11.7688,10.1821,7.3622,8.3711,7.7373,8.1011,10.6012,9.4871,11.3153,9.7915,7.2339,8.7816,8.4916,7.8759,7.9989,7.8311,10.4048,8.0672,9.7229,9.0231,9.2254,10.4391,5.4601,6.1027,11.5684,9.0102,4.4201
"GSC",2.1349,4.543,1.1977,2.9289,0,2.8763,5.2478,3.4399,4.3964,1.0844,4.4922,4.8656,2.756,0.9103,1.1427,0,4.0502,2.213,1.7361,0,1.0825,2.6515,5.181,1.7173,2.2341,2.5842,1.8825,4.2702,4.333,4.7373,2.7613,3.11,3.7033,2.1783,7.1883,0.6228,0,0.6764,2.1085,4.5274,1.8172,0,4.7262,0,4.9642,6.4872,0.7413,1.319,0.5249,1.5257,2.1905,1.2936,0,2.7275,5.3883,0.5482,0.8256,0,1.1276,1.9854,1.1394,6.3948,2.7241,0,3.6264,1.4302,4.552,3.1307,3.3212,1.7522,0,2.2418,2.3165,0.6033,1.9516,1.8994,4.7783,1.8117,0.8878
"PTTG1",10.8199,10.0509,8.6924,9.0639,7.8081,10.3579,9.4086,9.4187,7.2115,8.8468,8.1865,6.8666,10.749,10.1481,7.4171,6.7193,6.9868,10.7445,7.5543,7.6778,3.9041,5.8972,10.5154,9.2465,5.7617,8.4925,9.7196,8.9112,6.3506,9.9144,8.7665,10.0986,6.8193,6.3824,10.0359,7.0641,9.4741,3.4814,8.8551,10.8434,7.8748,7.2295,8.8736,5.5123,7.913,9.7445,8.3222,7.7164,6.136,8.4954,11.4627,10.0972,9.8899,10.4039,9.6377,6.4351,6.81,3.1172,7.7475,9.049,10.2068,10.9472,10.6038,8.8257,8.9296,8.6041,9.1378,10.5028,7.5299,7.8855,9.0651,9.6349,8.14,7.6315,7.9241,5.7974,11.0232,6.4871,9.5329
"ZYG11A",0,2.0439,0,0,0,1.0406,2.0605,0.5339,1.757,1.4227,0,1.3463,1.8704,4.5501,5.0182,0.6842,0,5.7798,0,0,3.1414,0.5659,1.8929,0,0,5.3567,0,2.6828,2.0677,2.5931,0,2.0637,1.511,0.5269,3.6575,0,1.4859,0,0,6.4336,0,0,2.1256,0,0.6509,3.9535,1.8824,0,0.5249,0,7.3816,0,1.7908,1.5233,0.5453,0,0.471,2.375,0.6713,0,3.173,1.4312,2.2444,0,0,0,3.2686,4.0831,1.3586,0,0,0.5002,0.4835,0,1.542,1.0651,6.5839,2.3741,0.8878
"NUF2",9.2834,8.2222,6.4327,5.1366,5.5969,8.941,7.9593,8.5862,6.6478,7.5642,2.6727,5.0616,8.8248,8.5617,6.8993,4.217,3.9926,9.761,5.1308,5.8879,4.322,6.1128,8.8228,6.6571,3.851,7.9306,7.9523,6.7375,4.6634,7.5528,5.8778,7.4112,5.4447,4.0762,8.601,5.8503,6.1787,3.1336,6.9778,8.7285,6.2034,4.535,6.6228,3.8473,5.161,8.1127,6.1331,4.9496,4.4345,6.3869,9.3625,6.7211,9.914,8.6192,7.653,4.2148,4.7271,3.8688,5.7317,7.8548,9.1188,7.9683,8.3247,7.0498,7.3958,5.0533,7.9989,9.3541,7.0055,6.3578,7.3296,8.2138,6.3403,5.9115,8.5737,4.9811,9.8797,4.9983,7.1599
"FAM111B",7.1849,8.2136,5.8879,4.4918,4.7243,7.9377,6.3737,9.4054,4.5083,7.0638,4.4922,3.3584,7.462,6.9195,4.287,4.0684,0.7212,8.5987,4.8333,6.1772,1.4204,4.0747,6.8281,5.1734,3.7049,7.2553,5.8967,6.2648,4.3041,6.4105,6.754,6.4089,5.5623,5.232,7.4662,5.3748,4.0539,3.318,5.6397,8.8787,4.1829,4.1586,4.4688,2.9442,5.2716,6.0347,6.8729,4.4048,4.8179,5.9116,9.2424,6.1429,7.934,8.3455,5.9776,4.1784,4.1998,3.7615,5.6992,8.0365,6.9175,8.5128,7.5682,5.5809,5.7412,5.6962,6.299,9.1547,3.9874,6.3908,5.9421,6.7538,6.982,5.0069,3.9835,3.3624,8.766,5.3925,7.4112
"KIAA0101",10.0764,8.2222,6.9379,5.6926,5.9605,8.8824,7.6533,10.8134,6.7876,8.2351,6.5298,5.6543,9.0134,8.6701,6.6211,6.5047,3.7359,10.5025,6.9768,6.8814,3.23,6.0722,8.7105,8.0782,4.8001,8.998,8.2175,6.7191,5.3958,8.705,6.991,8.8838,6.5753,5.215,9.4522,6.1645,7.2732,3.1336,7.8427,11.2951,6.9967,5.7613,7.191,4.8531,5.4134,8.7351,6.9688,5.926,5.8914,7.99,10.5028,7.7438,9.2436,9.2729,8.1864,4.3517,4.9235,4.8538,6.0222,8.8401,8.9489,9.8439,7.8743,7.5926,7.9738,6.3032,8.7199,9.9237,6.9381,6.8418,8.7402,5.4627,7.4212,5.9361,7.1882,4.9811,9.4245,6.0134,8.1332
"PITX2",2.5233,0.9203,1.1977,0,0,5.4705,1.3705,5.599,2.0214,6.5718,3.5549,1.7285,0.9149,0,1.5913,0,0.7212,3.4986,0,0,0,6.1425,0,2.0183,1.5122,0,2.0788,0,0,0,1.5493,0,0,3.0094,3.1286,0,0,0,1.4094,1.1397,0,0,0,0,0,2.3082,0,0,0,0.9558,3.0231,0,1.5085,0.5544,2.4838,0.9446,0.471,0,2.5211,0,2.3247,3.8654,4.2995,0.9336,0,2.6052,1.4476,1.8425,1.3586,2.8397,2.4115,7.3417,2.0652,3.371,0.5636,0,5.0477,3.0928,0
"LYPD6",6.6736,7.3327,2.9008,0,1.1084,2.0605,1.865,0,1.2387,4.4783,0,3.7789,2.3174,0.9103,2.8155,2.3917,0.7212,2.0109,2.5014,2.9208,0,0.5659,5.0689,0,0,0.7001,1.6552,1.6007,2.0677,2.4674,0.9734,2.0637,3.8949,0.9119,4.5039,0,0,0,2.3619,3.1735,1.0069,2.6608,0.9717,0,4.1321,6.4587,0.7413,0,0.9089,2.1005,4.9264,1.2936,1.5085,2.6217,0,1.9161,0,2.0498,1.7527,3.3044,2.5389,0.6467,1.5206,0,1.2742,4.1658,1.4476,5.5045,2.1762,2.6349,1.3896,1.6192,2.1964,0,6.9243,2.8089,3.1379,3.3512,3.5915
"COX6B2",5.7885,3.102,1.1977,4.0863,1.1084,2.8763,5.3448,0.5339,2.0214,1.0844,0,7.4021,3.6953,4.4079,0.4881,0,2.0851,4.4334,0,0.9553,3.6061,0,5.0689,2.2672,1.5122,1.523,1.053,3.9917,1.1356,1.8143,2.953,0,0,0.9119,8.3973,1.8874,2.3791,1.4826,2.7648,3.5147,2.5965,0.9163,1.5471,0,2.9711,3.0048,1.2286,2.8033,0.9089,0,1.6906,0,0,0.954,2.4838,0.5482,0,0.7638,2.3639,1.5109,3.3536,1.4312,2.2444,0.541,0,2.9597,2.1554,5.9185,3.6254,0.5595,1.3896,1.6192,1.7608,0,2.5311,1.0651,0.5195,0,0.8878
"CDT1",11.8924,10.2164,7.727,6.9789,5.631,10.2151,7.9031,9.5434,8.6308,9.0373,7.6433,11.0555,10.9295,10.1026,8.2883,6.6249,4.5669,10.8967,6.4701,7.6477,3.5383,7.9023,8.9938,7.5884,6.0709,10.1297,9.9106,7.6697,6.8962,8.7763,8.0859,8.976,7.1922,7.2413,9.6885,6.7244,6.2373,4.049,8.4116,9.8882,9.0485,6.0588,7.0039,5.1983,7.9401,10.1579,8.3698,6.14,6.841,7.4918,10.4403,8.8121,9.8843,9.8261,9.8407,6.6694,6.81,5.064,8.6365,10.2996,10.4257,11.4066,9.5117,7.1595,8.3356,7.3699,9.7931,10.0528,7.9755,8.0595,9.5958,9.3788,8.0902,6.505,7.7524,6.0201,10.2262,7.0667,8.1156
"DIAPH3",8.2199,7.007,5.2181,5.1138,5.0096,7.6833,5.9367,8.6455,5.8524,7.0332,0,4.1361,8.4267,7.6642,7.7816,4.1691,4.3081,8.2072,5.8434,5.4347,1.4204,3.7013,5.7527,6.8602,3.2926,6.5266,7.3702,5.2581,4.0842,6.9166,5.3398,6.7446,3.2212,4.3809,5.9406,4.8617,6.5737,2.9222,5.8614,6.9037,5.7,3.542,5.977,2.1204,5.9409,6.3772,7.1639,4.6393,5.4738,7.3945,7.2399,6.4844,7.9485,8.2687,6.923,3.8017,6.4511,3.6048,5.4086,6.5467,8.0358,6.284,6.5616,5.3266,7.34,3.4815,6.6236,9.4604,7.3754,5.6652,8.059,6.6445,6.1512,6.6237,6.6637,3.112,8.5824,4.8387,6.4268
"C9orf140",8.5049,8.4455,8.0064,8.0945,6.8219,8.6497,6.8932,8.0632,5.4429,8.784,8.4967,9.7466,9.5862,8.2353,6.4589,6.8235,3.0241,8.3127,7.2618,7.8194,3.23,3.0364,9.054,6.8883,5.2672,7.3796,9.6216,7.2554,3.6973,9.5489,6.5615,6.6473,9.6309,8.9669,8.164,5.8637,7.381,3.5567,8.5771,11.1317,7.1532,5.6887,7.2099,4.0553,7.0827,7.5753,7.9036,7.2479,5.9642,5.5702,9.6581,8.7158,8.5576,9.0865,7.7424,8.2882,5.7522,3.5196,5.7636,7.8362,9.6045,9.6154,8.8363,6.6532,7.3463,7.7566,7.3521,8.5513,7.6942,7.3573,6.0867,6.9062,8.4811,6.4632,4.7954,8.7418,9.1419,7.9918,10.3132
"DUSP5P",4.4615,2.7657,0,3.124,0,3.465,0.6121,2.7702,3.1953,1.4227,0,5.5274,4.8526,4.3777,4.3453,1.1464,4.3996,1.1454,3.6618,0,1.4204,4.1547,5.2851,0.8179,0.549,0,2.0788,0,1.1356,4.8921,2.2791,0,1.511,1.4662,2.8473,2.9028,3.8883,1.1351,0,2.4363,4.9441,0,4.3717,1.6925,2.9711,1.4629,0,1.6972,0,1.5257,6.0553,0,2.0269,3.8198,3.0617,1.9161,2.6794,1.0334,5.3257,2.8658,1.9285,3.6868,3.816,2.8817,1.2742,4.7238,0.8982,1.1973,2.6949,0,2.6781,3.5577,0.845,1.6214,0.5636,1.8994,7.0481,0,0
"CERCAM",10.6341,9.0456,5.9496,8.8444,5.8492,7.0907,10.4567,7.3055,9.7126,7.0208,7.6816,8.661,8.6797,10.19,9.0522,5.7815,9.0382,11.2305,7.944,5.5404,8.9931,7.1273,9.8992,6.4207,6.2745,5.4626,7.5506,8.3409,8.3707,8.9784,8.9407,6.5429,11.6211,7.1943,12.0196,8.4614,5.3862,5.6625,6.7075,9.8117,8.4629,7.7998,7.8825,7.0398,9.1533,10.6037,5.8769,8.6817,7.5095,6.2242,9.728,8.484,9.1119,10.0371,11.4442,6.2977,7.9163,8.7675,8.7776,10.8435,9.3491,10.1657,9.3884,7.2224,7.7257,7.442,8.2447,9.5609,8.5382,6.0629,9.3505,12.8694,9.3997,5.7258,8.3658,8.2381,11.4372,8.3621,4.1705
"ANG",7.2696,7.9058,5.1892,3.5403,5.1571,7.9885,9.0622,6.7095,3.9053,3.0619,5.2718,3.5165,7.633,6.5635,7.1517,3.4594,5.0706,4.8337,5.4767,3.625,7.366,5.9191,0,5.4172,3.564,2.7272,6.4291,4.501,3.292,7.5655,6.0094,4.1585,5.1582,5.8396,7.5646,9.3095,4.656,3.8533,3.4347,6.7964,6.0071,5.3358,7.6482,3.8473,5.4817,10.4117,4.5776,7.2164,4.4572,3.9395,6.4759,6.1263,5.2089,8.0016,6.5289,4.6112,3.5608,8.0692,8.4129,6.6994,7.3925,7.3527,4.8598,5.1622,3.9078,7.0475,6.0875,7.6449,5.712,3.8005,6.6606,6.8804,5.2626,5.6664,5.9079,5.0925,5.5332,3.8351,5.7737
"IRX5",6.8954,7.0465,1.8429,0,1.1084,3.3198,6.419,3.4399,2.1374,4.8018,5.0556,3.5126,3.4249,3.0833,5.0001,3.9601,1.1999,6.9545,1.5185,1.2681,0.6405,3.2699,4.1112,3.2312,2.8115,0,2.897,1.6007,3.4029,3.6529,2.5403,3.9064,3.2212,3.0094,2.4976,4.3145,2.2023,1.7624,4.2008,4.1248,0.5896,3.8389,2.2763,3.3116,1.7139,4.4647,4.4915,7.6319,2.3072,3.1678,8.2563,1.9645,3.5934,4.0412,6.8212,1.2552,2.2814,4.9218,1.4738,5.0525,3.5141,5.2815,3.6106,3.0497,1.6452,4.5257,3.5065,3.2,2.1762,1.5336,2.9031,1.1656,3.1639,1.0274,3.19,5.6325,5.5924,3.7605,1.8282
"TOP2A",11.0151,10.9911,8.4309,7.5621,7.3058,10.8761,10.5084,11.102,8.9019,10.6564,7.3424,7.4976,10.8788,11.3059,9.4487,7.0972,5.8437,12.8676,8.4444,9.0126,4.9881,7.2822,10.1813,8.932,5.335,9.408,10.546,8.9728,7.5154,10.2434,9.1162,9.8793,7.6229,6.9487,10.7706,8.2423,9.1104,5.538,9.8574,10.4026,8.9326,6.384,8.9638,6.1561,7.8959,9.318,9.946,8.0204,6.8684,9.5622,12.3979,8.9956,10.1479,11.6095,9.5432,6.7146,6.815,6.5572,8.5818,9.6809,11.699,10.3527,10.5272,8.4827,9.8122,7.6511,9.1856,12.2119,8.8348,9.2974,9.7683,10.8705,9.7201,9.0501,7.8513,6.0442,10.7692,7.7993,11.0751
"SEPT3",7.1231,7.6977,5.6484,7.9826,2.9885,4.163,5.8201,4.8463,5.2883,6.26,2.6727,8.3006,6.1123,6.3943,6.0581,4.0684,2.0851,3.574,5.759,2.2497,2.2963,2.2758,5.126,3.2312,4.0252,3.4586,6.4157,6.9968,3.7834,7.2905,4.0369,2.0637,4.1417,3.2287,8.333,2.2568,5.427,4.4154,5.3487,6.0174,6.1735,6.4293,7.3006,5.5123,6.8811,5.7469,3.1796,4.8409,4.0701,3.9159,7.4676,6.7408,5.2903,4.9318,4.5551,3.8017,5.1285,1.0334,6.148,7.5129,8.9217,5.2172,4.4303,2.2142,3.707,7.1973,3.3925,4.3194,6.2644,6.8177,3.4932,6.7427,6.326,7.0483,3.1124,5.4281,5.5124,4.2152,4.5304
"FHL2",10.1428,9.953,11.3028,7.0406,4.9569,9.8744,12.1783,9.495,10.7516,8.4328,8.1865,10.915,9.3927,8.5784,9.7826,6.616,9.1462,10.7975,10.0885,6.7803,11.1417,9.8992,10.1897,10.6485,10.4659,9.6071,9.7826,9.0055,6.8817,9.2541,11.4406,11.3091,8.2803,8.6145,10.0923,11.043,8.1239,9.9683,9.8702,11.126,6.1735,10.0063,12.2306,9.498,8.5704,12.4722,4.9647,11.3222,8.0696,8.4592,12.0697,9.6373,9.4906,9.2464,11.9655,10.1374,9.164,10.5668,9.1377,9.4456,10.5409,11.3345,9.0998,10.6666,9.1437,6.4779,10.7247,10.3135,9.7194,5.6103,11.1795,7.4101,8.4337,10.6819,12.6499,9.8093,11.4572,9.8892,4.7285
"OTX1",4.0534,1.692,0,1.9093,0,1.865,4.2457,3.806,1.2387,1.4227,0,6.5655,2.6583,5.9469,2.8957,0,0,4.2617,0,0,0.6405,2.7578,0,0,0,1.1694,3.2628,0.7464,0.8465,3.7639,0,0,0,1.2156,2.2848,0,0,0,0,4.4501,0.5896,0,1.2878,1.0814,1.0978,5.3408,0.7413,1.6972,1.4622,0,3.7038,1.2936,3.4384,0.954,4.5266,0,0.471,0,0.6713,2.5384,5.0823,3.2455,0,0,1.6452,2.6052,2.9837,5.3144,1.7427,0,0,4.1356,0,2.3656,3.2637,0,3.6171,1.4188,1.4333
"HPDL",1.6018,6.7915,5.4059,4.4193,2.7613,3.7177,0,1.6956,4.8,4.8018,2.6727,6.6287,3.7907,6.7821,4.8061,5.3593,3.87,5.6111,4.7357,2.9208,3.3135,4.3025,4.7431,2.9754,1.5122,4.0544,3.1797,4.1096,3.741,5.1993,2.5403,4.2815,3.0705,1.4662,7.8521,4.4631,2.2023,0.6764,3.2143,4.2211,1.3302,0,4.8516,2.9442,3.3394,6.6663,1.8824,3.6103,4.3747,1.7438,8.5277,4.3124,5.5957,5.2663,1.9092,3.4207,4.2592,2.9962,3.7487,2.7906,5.1971,4.6942,4.8598,3.5192,4.3828,3.2441,2.1554,2.7232,3.9874,0.5595,2.2571,3.3967,3.0984,3.2967,0.9679,1.8994,7.656,2.1201,1.4333
"MAPK15",1.2369,1.692,0,0.6335,0,3.0703,0,0.5339,0,1.0844,0,6.9089,1.2192,0.5259,0,0.6842,3.5081,2.5481,0,0,3.3135,0,3.1924,1.3366,0,2.7272,0,0.7464,5.5876,1.0049,0.9734,1.8256,0,0.9119,7.7674,0.6228,0.6783,0,1.4094,1.1397,0,0,0.5661,0,1.0978,1.2126,0,0,0,0,6.1669,0,0,0.5544,1.2497,0.5482,2.7639,0,0.6713,0.4542,1.1394,0,0,0.9336,0.7734,0,1.8445,0.8969,2.7795,0,0.6229,0,0,0,0.9679,0,7.7078,1.4188,0
"SCNN1G",1.8929,2.3266,2.9008,1.0721,1.1084,4.3981,2.2326,2.0478,1.2387,1.4227,2.6727,3.8189,3.015,1.4641,0.4881,0,3.4235,2.213,0.9505,0,4.1049,2.2758,0,4.6233,1.7292,2.8572,1.053,2.3408,1.1356,0.5882,4.5922,4.2336,0,0.5269,5.7039,0,3.8286,0.6764,0.8703,0.8498,1.5942,1.4723,5.0319,0,0,1.6762,0.7413,1.9964,2.1732,0.9558,0,0,0,0,3.4732,1.5106,0.471,0,1.1276,1.3102,2.2044,3.5542,5.0346,1.2418,2.7387,1.4302,2.1554,0,3.7141,0.5595,3.9108,1.6192,1.1338,1.6214,4.3645,0.6286,9.8173,0,0
"C19orf26",5.8407,3.1751,2.6263,2.7033,0,2.7685,1.6389,2.4537,5.9822,2.5951,0,9.6384,5.2551,3.6362,4.3736,1.4959,3.8045,3.0484,2.5014,0.5553,1.0825,5.8378,5.126,3.9535,1.2566,3.6139,4.6544,3.8632,2.7195,3.8671,3.1222,3.2125,0.9449,2.3123,6.6007,1.6598,4.4203,1.1351,2.1085,2.3252,1.0069,0,5.6021,2.9442,2.3193,5.402,2.5114,0.8053,3.0806,4.3407,4.365,2.4206,3.5934,2.5074,4.9476,1.2552,1.3474,3.2815,1.9864,1.3102,3.831,4.3783,2.7241,2.2142,2.8844,2.9597,3.3925,3.9283,3.6254,0.9616,1.66,6.3469,1.5804,2.6304,0.5636,1.6711,5.7974,2.3741,4.0273
"NMU",0,3.8467,0,0,0,3.5969,5.1439,0,0.4222,2.2992,0,0,3.7907,0.5259,1.3843,0,0,1.7758,1.2623,0,0,0,0,0.8179,0,0,0,4.0518,0,5.0095,0,0,0,0.5269,2.2848,0,0.6783,0,0,0,1.5942,0,0.5661,0,0,0,0,0,0,0,7.3145,0,0,0.5544,0.5453,0,0,0,0,0,1.1394,0,0,0,0,0,0,6.7361,0,0.5595,0,2.2418,0,0,0,0,7.4816,0,0
"OSBPL6",8.2778,8.5505,7.9011,2.2806,5.0605,9.0385,6.8141,8.0942,5.8693,7.6227,7.522,4.3422,7.3373,9.1583,8.3412,7.0583,4.8845,4.5868,6.5369,6.05,10.6643,5.1136,8.1249,8.1536,8.9175,9.2732,9.3637,6.6719,1.7631,8.6171,9.572,7.4745,7.2459,7.2115,7.7726,3.0034,8.8101,7.1021,7.3069,8.7176,5.8337,6.0967,7.8226,7.2763,6.9292,8.9373,8.7444,7.7164,9.1891,7.705,9.7143,6.6808,8.7492,6.9946,10.118,8.1635,6.0584,2.0498,8.0285,8.0962,8.1764,7.5863,5.0346,7.6655,6.7658,6.8184,7.5841,8.0581,6.3567,9.188,8.263,8.9207,5.1872,7.4887,7.9354,7.1208,7.4955,6.7225,7.7271
"CDKN3",8.761,9.1871,6.2968,5.8798,5.6642,9.0151,7.8967,8.2078,5.1009,7.1229,2.6727,5.4145,8.6735,8.74,6.4456,4.8836,3.5881,8.9826,7.0698,5.7563,3.5383,4.1931,7.3074,5.8819,5.1777,7.0598,8.6274,8.241,5.4885,7.7032,8.0232,7.7968,5.5903,4.0762,8.7769,5.3935,7.5797,3.9407,6.7189,9.2825,6.6718,5.154,8.1885,2.9442,7.0458,8.0591,6.1052,5.3173,5.1205,7.8531,9.4984,7.3664,8.6642,9.571,7.3862,4.6726,5.1124,3.3815,6.6853,8.3047,9.1374,9.0919,7.767,7.0793,8.3356,5.3213,7.5645,9.2072,6.8282,6.5304,7.0818,7.4854,6.1185,5.8608,5.8787,4.4432,8.5494,4.5604,7.1513
"ENC1",13.0335,12.1898,10.0185,8.0498,6.8938,11.3467,13.5734,13.5032,10.8232,9.3899,8.856,10.114,13.9075,11.239,10.3715,7.7083,11.0912,10.3654,9.2683,9.284,7.7818,9.1295,8.3871,11.721,8.6106,9.1673,12.6723,12.0244,11.0463,11.5873,9.0231,10.2281,9.9779,8.2278,12.2083,8.6516,9.3467,7.9013,8.1333,12.8919,10.2557,7.2037,10.1036,6.2648,11.9739,12.4724,8.6978,11.4734,11.9907,9.1779,8.9134,10.4558,9.9546,10.6494,11.2652,7.4711,11.1259,6.8599,11.6606,10.0927,8.7232,11.5941,8.6475,7.4,10.4197,9.1683,12.0805,9.6226,11.5777,7.7555,10.5298,10.5888,10.8491,8.4,10.0391,7.9147,10.1658,9.6426,11.5488
"SHISA2",6.2917,4.2019,0,2.2806,1.7277,2.3863,0.6121,2.0478,3.084,0.6418,0,3.9685,3.7438,1.6775,6.3563,0.6842,0.7212,1.1454,1.5185,2.0998,1.6939,2.5368,3.9933,3.6371,1.7292,1.1694,4.6849,0,3.4029,2.7087,1.5493,3.11,2.9022,4.7073,3.251,0,1.7661,0.6764,2.1085,2.8108,1.0069,3.1676,3.8535,0,2.9711,4.521,1.2286,1.9964,2.0256,2.2505,10.1603,2.7667,0,3.1645,0,5.2991,2.162,1.9228,1.4738,3.1921,3.4091,2.3101,2.7241,1.7115,2.394,0,3.5065,2.6258,5.3537,2.1098,2.795,1.1656,3.0984,0,0,1.3997,4.358,2.3741,1.8282
"MCM10",8.1527,6.3456,4.3508,4.5267,3.6508,7.2987,5.4001,6.8024,5.9588,6.6382,3.5549,4.396,7.91,7.5368,6.1509,4.217,4.7862,8.9617,4.1143,4.8894,2.72,4.033,7.403,4.9778,1.9179,6.2706,6.2826,5.9058,3.8647,6.7779,4.9022,6.6195,4.4163,3.8301,7.0091,4.4631,2.9267,2.5324,5.7984,8.9483,4.5367,2.1856,5.4518,2.7182,5.8004,6.0822,5.5446,4.4048,4.8621,4.6416,8.312,6.2292,6.1768,8.3288,6.4937,2.9016,3.6535,3.9686,4.1367,5.9204,8.2041,6.0205,6.5033,4.1567,5.8693,2.1342,6.7678,8.4834,5.9175,5.2462,6.0636,7.8876,5.6314,3.9087,4.7189,2.5645,8.6633,4.5604,6.4268
"CEP55",9.448,7.9424,6.8757,5.7675,6.1834,8.6946,8.5717,8.2678,6.028,8.1636,5.9102,5.292,9.5059,9.0701,8.2257,5.4421,4.5269,9.9611,6.4239,6.0903,3.4672,6.2737,9.2371,7.5769,4.4489,7.8817,7.6734,7.4243,4.3613,9.1996,7.2319,7.6401,5.9768,5.2655,8.4622,6.8445,6.6007,3.8237,7.8685,10.9906,7.0023,4.8332,7.0412,4.0553,6.069,8.6158,7.5679,5.3173,5.5433,6.9983,10.4732,7.9442,8.7717,9.2718,7.8148,4.6462,5.1285,4.6683,5.7636,7.7017,10.0105,8.4834,8.5573,7.3765,7.3958,6.0683,8.7778,10.5954,7.5299,6.4853,7.076,8.5468,6.6629,6.6463,7.4977,4.6138,10.3964,5.6546,7.3747
"NDC80",8.6964,8.4801,6.0088,4.6267,3.7779,7.7662,7.9746,8.4708,6.1084,7.5296,7.2435,5.7608,9.5077,9.0318,6.3634,4.3082,2.47,9.7076,5.9008,5.8414,3.7328,6.1228,9.4647,7.7758,3.8966,6.5841,7.9366,6.583,4.8939,7.8832,6.5014,6.7012,5.5338,4.8241,8.3295,6.5358,6.1667,3.402,7.3144,9.4786,6.6861,4.0851,6.718,3.7308,5.3341,7.5383,7.0368,6.3396,4.7953,6.8651,8.8355,6.5304,9.1515,8.871,6.8212,4.384,4.1998,4.4322,5.1682,7.4163,8.1358,8.9156,8.4301,7.7195,6.5857,4.8135,7.4902,9.268,6.1967,5.2462,7.1382,8.8616,6.0068,5.7258,7.0493,3.7021,8.6274,5.3925,7.2188
"RGS20",4.1668,0.5323,0,0,0,0.6121,0.6121,1.4809,1.0143,0,0,2.8421,0.9149,0.9103,0.8522,3.1519,0,0.6836,0,0.9553,0,3.9,5.0093,0,1.2566,0,0.6205,0.7464,0.8465,1.0049,0.9734,0.7103,0.9449,0.9119,2.6831,2.0839,0,0.6764,0,0.4866,0,0,2.95,0,0,6.0153,0.7413,1.319,0,0,8.8537,0,0.6915,1.7411,3.2821,1.9161,0.471,0.4318,0,2.1142,1.1394,4.2555,2.2444,1.7115,0,0,3.9712,3.39,0.8337,0.5595,1.0567,2.2418,0.4835,0.6033,0.5636,2.4247,7.5466,0,0.8878
"RAD54L",7.9967,6.7621,5.4059,4.3817,3.3574,8.3973,5.8989,7.027,5.7004,7.8181,4.4922,4.1981,7.9518,7.1198,5.0182,3.0499,4.2601,9.2756,3.9057,5.1595,3.7328,4.9662,7.6275,5.745,4.0657,7.2729,7.1423,5.3328,3.3474,7.0376,6.8046,7.2756,3.4823,3.9169,7.7979,4.9651,4.9268,0,6.4173,7.9241,4.1829,2.4427,5.4986,2.45,4.3085,6.6156,6.1605,4.7233,3.9927,5.1415,9.2666,6.2292,7.3736,7.3541,5.608,3.4817,3.9342,4.062,5.6992,6.8355,7.7108,6.7982,7.1222,4.4246,6.0806,4.4154,6.8128,6.832,6.1338,6.2361,6.3481,8.0016,5.8954,4.7803,6.5578,3.7614,8.2905,4.8803,5.8783
"E2F8",6.0021,4.8636,4.0465,7.5409,4.1031,6.4279,5.5045,7.1595,3.3476,6.8351,4.0984,1.8874,6.9239,6.8219,5.1219,2.9401,0,8.1468,4.2965,5.7053,2.2963,1.7662,4.7431,4.3807,5.0824,4.832,5.3683,4.5036,2.5332,5.2574,5.7285,3.9064,1.9166,3.6894,5.4967,3.803,3.8883,2.5324,5.1611,6.9133,3.7676,4.0851,3.9464,1.0814,3.6974,5.6866,5.4809,3.8535,2.4297,5.7944,7.7858,4.0845,5.98,6.7528,3.8401,2.8095,2.8436,2.0498,2.5211,6.8905,6.8082,4.3783,5.1904,5.0379,4.6908,2.9597,3.8028,8.0511,3.7141,5.9122,5.174,5.9523,4.8514,7.1884,5.6643,1.3997,6.0914,5.4209,5.386
"RIBC2",4.6291,8.2114,3.3299,3.4493,1.7277,4.2457,0.6121,4.3081,3.1953,5.0898,2.6727,2.2799,5.5961,4.8432,0.8522,3.1519,1.5587,5.2468,3.7644,2.5096,0,1.2874,0,3.5458,2.0846,3.4586,5.0782,4.9135,3.1013,5.118,3.1222,4.579,2.7116,2.7506,5.885,1.8874,2.0006,1.1351,4.6917,4.8619,2.1807,0.9163,4.4048,1.6925,3.3394,4.7735,4.4915,3.9955,2.4297,2.3863,6.9898,4.3124,4.8105,6.0059,3.6941,2.0828,2.8436,1.0334,1.7527,6.2144,4.4496,5.9693,5.9263,3.2698,0.7734,1.4302,5.3172,5.6478,3.8376,3.3889,3.3477,1.8018,5.4852,2.7466,2.4066,0.6286,5.6181,3.3512,2.7975
"ESPL1",9.5843,8.6532,6.8757,7.5995,7.7,8.9943,7.6188,9.9405,6.5776,9.3351,4.0984,5.6208,9.6827,9.259,8.0105,5.9325,6.5,10.0238,6.9927,8.4524,7.0722,4.5591,8.3274,6.3141,2.8115,7.8272,8.668,7.8113,5.041,9.0083,7.2412,7.6809,7.2193,6.5064,9.3359,5.7085,6.1667,1.9967,7.636,10.2952,6.8902,5.2911,7.5053,3.3116,5.6115,8.7602,8.5718,5.3441,5.0069,6.8996,8.9736,7.4039,8.8078,8.3182,8.1704,4.4768,5.2795,5.524,6.7018,8.2671,9.7167,8.0164,8.6873,6.778,7.9199,4.8979,7.4551,9.8119,7.8612,9.0848,7.6497,8.1812,7,6.3205,6.6292,7.2763,8.5088,8.852,7.9813
"GTSE1",8.2683,8.9512,7.0264,4.9942,5.2477,8.4396,7.9593,8.2488,4.9972,7.3628,6.1476,6.0732,9.4237,7.9778,7.0819,5.2938,3.3335,9.6663,5.8316,5.4031,1.4204,3.9,8.5937,6.2286,3.851,5.7739,7.9013,6.6032,4.6634,7.9784,6.6882,6.0558,3.7033,4.8683,8.326,6.2386,6.2713,3.6282,7.2841,8.177,6.7279,3.9257,7.0724,5.6144,4.7968,7.7823,7.0294,5.4952,4.6261,6.9716,9.5499,6.9244,9.2185,8.5649,6.8153,4.6462,4.8481,3.8339,6.2414,8.4913,9.5235,7.4897,7.2517,7.2742,7.0775,6.1394,7.3135,9.5535,7.1984,7.0313,7.3865,7.8926,5.8363,5.3384,6.0756,4.1644,8.7717,5.2088,6.9176
"SKA1",7.4981,8.0361,6.3663,4.4918,7.4747,8.8497,8.0016,8.7736,4.9818,7.4715,7.0812,5.0945,9.4162,8.9223,6.8296,5.9887,1.1999,10.3162,5.311,6.3026,3.4672,4.5591,8.309,5.4996,5.5641,7.3412,7.3178,6.0306,4.1826,8.4128,7.0341,5.4884,6.0592,3.8301,7.32,5.3559,5.0364,5.6625,7.8582,9.0888,6.7551,5.7375,5.7639,5.7403,4.883,8.0009,7.5933,4.8409,3.8681,6.7375,8.1174,6.5968,9.0413,7.6382,7.5683,5.2821,3.9702,5.422,5.1918,6.4153,7.6574,8.3219,9.3803,5.4216,6.0345,6.3638,7.8119,8.8843,6.0848,7.0313,6.4849,7.9323,6.4162,6.0648,11.962,5.7543,8.1675,6.104,7.3895
"KIFC1",8.9842,8.7991,5.856,7.0345,6.416,9.8299,8.916,9.9438,5.7284,8.0462,6.1476,5.7505,9.8112,9.5749,7.2286,5.4421,4.7168,10.5294,6.1101,6.48,3.7328,5.2654,8.5369,6.5787,4.9589,7.6321,7.9985,5.922,5.2369,8.1872,7.0446,7.9568,5.3821,5.3142,8.6267,7.285,6.8387,4.049,7.5871,10.2446,7.0851,4.962,6.832,4.0553,6.3264,8.0303,7.2931,5.1753,5.8914,7.5795,10.7419,7.0243,8.3117,9.9093,7.7206,5.316,5.2358,5.0025,6.1359,8.8213,9.7242,9.3956,8.2201,7.6558,7.34,6.4502,7.9989,10.6177,6.3429,6.6712,7.3296,9.2174,6.9169,6.6237,6.7812,4.5139,9.6898,5.7247,7.6127
"MYH2",0,2.0439,0,0,0,4.4687,7.4975,2.8619,0.4222,1.4227,0,0,1.2192,0,1.1427,0,0,0,0,0,1.9238,0,0,0,4.1434,0,1.053,0,1.9235,3.5939,0,0.7103,0,0,0,0,0,0,0,0.4866,3.3343,0,0,0,1.0978,1.2126,0,0.8053,0,3.9602,0,0,0.6915,0,3.2821,0,0,0,0.6713,0,3.3536,5.9562,0,3.4608,0,0,3.8028,6.5362,0.8337,0,3.9617,3.1496,0,0,0,0,0.5195,1.4188,0
"VANGL2",5.0394,4.4576,1.8429,4.1771,2.4917,3.465,6.8673,6.3024,6.4375,3.2333,0,7.2496,5.4576,2.9253,6.1912,3.4207,7.3897,4.118,3.813,3.0076,2.122,4.2305,5.234,3.6371,1.2566,2.5842,3.4868,7.2933,7.4932,7.0265,5.2695,4.2336,4.9356,3.9169,8.5572,4.5979,2.808,5.538,3.4512,4.3113,3.472,3.0177,4.4048,1.0814,5.6282,3.9938,2.5114,2.4555,1.861,3.2413,7.5828,2.7667,2.9571,3.4994,7.5113,3.0699,2.2814,3.3815,1.9864,2.2325,4.8613,5.4022,4.7638,3.1268,4.4777,4.0227,2.1554,3.7081,4.1552,3.3221,3.0977,4.441,4.6374,2.8541,5.8669,4.6768,4.8667,3.0928,2.3928
"APC2",6.8746,3.6057,2.9033,4.3101,2.7712,5.2119,4.4725,2.7796,8.622,2.3025,2.6727,10.2105,5.9215,4.7413,2.9717,3.4207,4.4076,3.7872,3.3681,3.3192,1.4234,3.2749,7.1376,3.6468,2.909,4.5223,3.6227,4.6714,4.0271,3.0961,3.4184,5.0973,4.1545,2.442,8.1133,3.2753,4.5067,3.7646,1.8043,4.3197,4.6347,1.8796,7.2757,2.9546,4.035,4.9977,2.5199,3.9989,5.4228,4.0111,1.6966,4.3312,2.7137,3.0145,5.2053,1.7376,2.4033,4.2689,6.3487,2.7203,3.7187,3.5583,0,2.3491,2.7433,5.2677,3.976,2.7232,6.5783,3.1868,4.4726,6.6893,3.5618,1.6287,4.2305,2.5698,6.2656,4.1486,3.6974
"CDCA2",7.4708,6.5518,5.4493,4.2204,4.197,7.4459,6.5791,7.4676,6.3135,7.0455,5.2718,3.6519,8.245,8.3603,5.5515,3.5756,2.47,9.2615,4.4885,5.8176,1.0825,3.2699,7.5355,5.8632,3.2926,6.0971,6.3316,4.8807,4.214,6.6535,5.6197,6.7951,3.7033,3.2287,7.0851,5.1075,5.6675,2.375,6.1408,8.2047,4.9441,4.359,6.2744,2.7182,4.7669,7.3297,6.2899,5.1143,2.8365,5.8065,8.0751,5.1036,7.4001,8.3372,6.4413,3.357,3.36,3.6456,4.5555,7.6862,7.093,7.3111,6.8457,5.2073,4.9445,4.9777,6.1134,8.3198,5.381,5.9787,6.7025,6.5959,5.0378,5.668,4.8915,3.0179,8.6274,5.2727,5.1983
"TK1",10.2783,8.7933,7.9011,7.7438,6.8219,9.112,8.6402,10.0402,7.5519,9.306,8.1322,7.079,10.066,9.0678,6.8346,7.6957,4.9466,10.9683,5.656,7.7519,4.6131,6.7108,10.4898,7.3257,5.1961,8.8575,8.7974,7.2933,5.7245,8.2265,8.0705,8.7538,7.5956,6.4853,9.706,8.0962,6.3583,3.318,8.5927,10.2673,6.9265,6.6365,6.1819,5.0112,7.0207,10.1349,8.6891,7.507,5.6225,7.1202,11.7271,8.9111,7.6502,9.0989,9.6435,5.7593,6.0667,5.609,7.357,7.1455,8.4913,9.9582,9.7464,7.0399,7.9779,7.812,9.234,10.7115,7.2213,6.6779,8.1714,10.9557,9.6589,6.9057,7.5502,5.8666,11.2784,6.9928,9.5527
"RTKN2",2.1349,6.2473,4.5231,3.588,2.7613,5.1864,5.2874,6.9403,5.2372,4.7427,3.5549,2.7623,6.7918,4.6795,3.9907,3.7806,1.8458,6.7423,4.4273,3.2404,0.6405,1.5466,3.1924,4.089,1.9179,3.0867,4.3467,5.6955,1.9235,6.8489,4.6487,5.568,4.2855,1.2156,5.5925,3.6251,4.2024,1.1351,3.0794,4.8009,4.9906,3.7466,5.2661,0,4.3892,4.8633,3.5543,3.4219,2.3072,5.6124,6.3748,4.6822,6.0216,5.4004,2.2249,3.2904,1.7298,1.4566,2.6628,4.6677,5.0651,1.4312,4.4303,4.3937,1.2742,4.9777,2.4111,7.784,2.7795,3.7353,3.9108,7.4888,4.1474,3.4416,5.3461,3.7021,6.4544,1.4188,5.9594
"CDKN2A",3.9304,9.9601,8.5251,10.2924,6.8938,9.1243,7.9593,9.3707,9.5939,9.7805,9.406,8.7373,10.6559,9.1803,9.4218,6.9563,9.4096,2.0109,6.9553,9.0165,6.7514,8.0638,10.4511,8.8317,8.3856,8.4544,8.7549,7.5496,6.4329,8.0758,9.5536,9.5155,9.9294,6.9332,10.3469,9.0648,8.2713,7.1454,8.2871,8.8651,7.6967,7.0955,8.5975,7.2126,7.027,9.5299,9.0706,7.212,3.9108,6.0408,12.2967,8.6856,9.1119,10.8265,9.0085,7.7423,8.254,6.8069,6.7502,8.3397,9.0539,10.485,10.1728,3.9598,7.1514,9.4775,10.3299,9.4246,8.0958,8.498,7.4414,10.8071,8.7041,8.5541,10.1537,7.4395,11.1216,8.1189,9.0239
"SHD",8.3724,0,0,1.0721,0,2.2326,1.3705,1.4809,1.2387,0,0,9.3461,0.5288,0.9103,0,3.1519,0.7212,0.6836,0.9505,0.5553,0,0.5659,2.6842,0,0,2.5842,1.3853,1.6007,0.4844,4.2572,0,1.5402,0,0,5.3942,0,1.7661,0,3.0794,1.7684,4.1004,0,2.95,0,0.6509,0,0.7413,0.8053,1.4622,0.5556,0.5317,1.2936,0.6915,0.5544,4.3752,0,2.0318,0,1.1276,0,0,0,0,0.541,0,1.4302,0,1.8425,1.7427,0.5595,0.6229,0.8709,0.845,0,2.4066,1.3997,1.6633,0.8772,0
"KIF15",7.8174,7.1768,5.6107,5.1811,3.8946,7.3925,7.0963,6.7966,5.4982,7.2768,0,2.9895,8.0706,7.3037,6.8141,4.217,3.4235,9.3947,4.631,6.1392,2.946,4.2669,7.0061,5.2036,3.3592,6.8016,7.1855,5.2834,4.7082,6.8862,5.2695,6.1231,4.4163,4.9322,5.7872,4.9898,4.7449,3.2287,5.2264,8.0297,4.1829,3.542,5.4676,1.0814,4.9904,6.2989,6.0478,3.6103,4.7489,5.0827,7.7444,5.2756,8.2254,7.3787,5.7625,4.1784,4.1998,3.6456,3.5441,6.4825,7.6284,7.1072,6.0536,5.985,5.6626,5.1935,6.733,8.2191,5.3945,5.4631,5.9036,7.3673,6.2824,5.4794,6.9129,3.112,8.7237,4.9207,6.6263
"BUB1",9.5043,7.9683,7.0407,5.4412,4.197,9.2233,8.3836,9.1508,7.8141,7.8,5.0556,6.8522,10.0749,9.6029,7.5594,5.4219,3.1348,10.0773,6.2668,7.2226,4.0573,6.0514,8.1319,7.2116,4.8473,7.703,8.1289,6.8003,6.019,7.9552,6.6746,8.2974,5.176,5.5083,8.5542,5.3174,7.6287,4.6739,7.3732,10.3162,6.5214,5.3551,8.5353,3.4653,6.4538,9.2394,7.3713,6.6922,5.3705,7.5327,9.5301,6.4608,9.6248,9.1318,9.2009,6.2104,5.2358,4.1497,5.8842,8.7903,9.3402,8.8213,8.1927,7.7894,8.0911,5.6482,8.9054,10.1513,7.536,6.8713,7.4898,8.1542,6.9311,8.1549,7.8483,5.5168,9.2629,6.3458,6.8554
"WT1",0.7471,1.692,0,0,0,1.0406,2.0605,0,5.9107,1.4227,0,0.4706,0.5288,6.9351,0.4881,0,0,4.3501,0.9505,0,0,0,2.6842,0.8179,0,0,0.6205,0.7464,0,1.3278,0,3.71,1.9166,1.8658,3.8246,0,0,1.4826,0,1.1397,0,0,0,0,1.7139,4.5483,0,0,2.1732,0.5556,0,0,0,0.954,4.3429,0.5482,0.8256,0.7638,1.7527,0,0.4865,1.0917,0,0,0.7734,0,0,2.5214,2.7795,0,0.6229,7.396,0,0,0,2.4247,5.5924,0,0
"NCAPG",9.6558,10.543,8.6256,6.3424,7.0589,9.4556,7.9599,9.4291,8.2709,9.4993,7.926,5.334,9.8161,9.4957,7.0375,5.8283,5.5144,10.15,7.5767,7.7353,2.6562,6.8395,9.7181,8.3741,6.1918,8.1952,8.2384,8.7119,6.2848,8.6366,7.9109,9.1912,6.9695,5.3006,9.9389,6.8724,7.4542,3.0339,8.1158,10.0353,7.0268,6.062,8.1914,3.5266,7.4385,8.5321,8.372,8.4466,6.4327,8.7352,9.71,8.7582,9.2695,10.3423,8.4301,4.8161,6.7085,4.924,6.1409,8.7831,9.4961,9.2901,9.0813,7.8899,7.269,7.2745,8.3552,10.203,7.4602,8.1897,8.6178,8.9986,8.3232,7.1259,8.0568,5.5346,10.0682,6.0116,9.4209
"ANLN",9.5494,9.5725,8.4736,8.3103,6.9623,10.6075,8.8315,11.1906,7.5545,10.004,7.3895,5.907,10.7831,10.0115,9.2804,6.607,4.6807,11.7847,7.5144,9.6675,4.769,6.3264,7.8043,8.3039,6.9509,9.9482,9.4416,8.3854,7.1725,9.0555,7.1462,8.777,6.7341,7.3427,8.782,6.8647,8.5485,4.049,10.2329,10.6535,6.9562,6.7239,9.2926,4.6755,7.5633,9.1663,9.6335,6.7535,6.7847,9.5396,10.9492,8.5129,10.3333,10.9816,8.816,7.2843,6.6473,5.8286,7.5878,9.7452,11.4136,8.732,9.3434,8.2717,10.0557,7.3991,8.8115,11.2271,9.1988,9.9384,9.3824,9.8294,9.1465,9.3569,8.409,6.4834,10.2125,8.9209,8.9188
"BAIAP2L2",4.6291,6.1327,2.9008,2.1069,3.1847,4.0292,3.1584,3.6083,3.2986,2.5951,5.4598,8.0275,6.601,2.7478,2.5439,1.777,3.4235,2.3902,1.7361,1.2681,2.8374,4.4682,5.3345,3.109,2.2341,2.8572,1.6552,3.7944,3.1668,3.8671,4.8549,1.1842,0.9449,2.1783,4.5039,3.0034,2.6787,2.1982,2.3619,8.1889,4.6571,2.4427,3.9907,6.8849,1.0978,0,2.6721,2.8033,1.2119,2.8294,7.0686,1.9645,3.7987,2.3833,2.5976,2.4914,3.6535,1.2605,3.5441,4.0477,1.3806,3.9203,4.7638,3.8273,1.9401,3.4815,3.3925,2.9002,3.6254,2.1098,2.2571,3.9155,3.0984,2.9541,4.0682,3.2837,9.409,3.5703,4.237
"C10orf125",4.9472,5.3941,4.2564,5.738,5.3329,6.48,3.7745,4.4916,6.6576,1.0844,4.8012,10.0351,5.8047,4.3469,7.6662,6.1453,7.1273,8.0545,6.2224,4.1994,7.2887,5.7245,6.5641,6.4712,4.6485,4.7338,5.4415,6.2774,7.4964,7.6391,6.6332,5.3148,5.176,5.1267,8.2138,7.5614,3.9456,2.9222,2.5774,7.2232,5.3172,5.9177,5.3192,4.7963,5.4134,6.9942,2.948,6.7334,4.8401,3.9159,8.6383,6.3624,5.3568,4.4954,8.511,5.8775,5.678,5.3621,3.8706,5.3946,6.6899,5.6498,4.2995,5.5809,4.6908,6.1394,6.149,7.7087,6.7828,1.7522,2.4115,7.8901,5.365,5.4454,4.868,5.4462,9.2383,3.4649,2.138
"PDIA2",3.4078,1.078,0,0,0,0.75,1.2117,0.5339,1.7657,0.6418,0,7.6396,2.1833,0.5259,1.933,1.4959,2.9974,1.1454,0,0,1.0825,0.6566,5.2851,1.3366,0,2.2472,1.053,1.2358,0.4844,2.5101,1.5493,1.1842,1.6621,0.9119,8.7991,0,0.6783,0.6764,1.4094,1.6663,0.5896,0,4.1354,1.0814,1.0978,0.5253,0,1.319,0,0,6.4055,0,0.8228,0.954,0.5453,0,0.8256,0,1.3384,0.5374,1.0777,4.267,1.5206,0.9336,0,0,0.8982,0.9429,2.0347,0,0,0.9627,1.1338,0,2.501,0,3.9762,0,0
"NAT2",1.8929,3.5496,1.1977,2.1069,1.1084,5.1001,2.9765,5.2373,6.9979,3.1447,0,2.9176,3.8361,4.4079,1.3843,2.8213,1.1999,1.4948,3.9499,2.0998,3.6061,0,3.7237,2.0183,0,1.8067,3.416,4.8127,4.0147,1.3278,4.197,1.1842,5.7476,1.6798,3.5661,2.2568,1.138,0.6764,0,1.1397,1.8172,1.8726,0,0,1.0978,6.2908,0,1.6972,1.2119,1.7438,0,1.9645,0.6915,3.8198,3.6941,0,2.4941,2.375,4.3191,0.4542,4.3679,5.3024,2.2444,2.0653,1.2742,2.6052,1.8445,4.982,4.6126,3.3221,4.8886,3.9546,2.8016,1.6214,3.8464,1.0651,1.8483,0.8772,3.6898
"SGOL1",6.2537,5.144,3.9289,2.1069,2.7613,6.3175,5.5377,6.8647,4.7092,5.3498,2.6727,3.1232,7.3013,5.7721,5.422,2.2144,1.8458,7.4853,3.5514,4.6132,1.4204,3.647,5.3822,2.6643,3.2228,5.854,5.8026,4.3681,3.4029,6.7101,4.1192,5.2195,2.4919,2.9282,4.5992,3.8578,3.9456,0.6764,5.2888,7.1598,3.0121,2.8502,4.7777,1.6925,3.2558,5.7231,4.9647,2.2442,2.8365,4.7959,6.4503,3.8138,7.1229,6.8081,5.34,1.5106,2.2814,2.9317,2.5211,6.0629,6.3504,5.8611,4.5503,4.542,4.805,2.6052,6.5589,7.5846,4.1552,3.9715,4.7507,5.7225,5.5232,4.261,6.2935,2.0966,6.9853,4.0789,4.9431
"MPP3",6.4456,6.3296,2.2872,3.9895,5.0096,4.6003,8.7959,5.6123,4.4646,1.9265,2.6727,4.7254,2.9337,6.3326,3.7092,4.7598,4.7862,3.0484,3.6618,3.7232,4.008,4.9212,5.7885,2.4794,4.9589,3.2846,7.6696,5.3328,3.741,8.0293,5.6477,3.11,3.7033,4.2196,6.2505,4.3145,2.6787,4.893,2.5774,8.1609,4.8462,3.8389,3.1191,6.8294,3.167,7.765,2.5114,3.696,3.0806,4.4377,6.5359,3.2792,6.8809,3.9996,6.6337,3.2904,4.5482,2.375,7.4577,5.3429,5.6983,8.3819,4.5503,2.9681,3.2498,3.6853,4.8399,8.5986,5.0644,3.3221,3.3477,6.7371,4.705,3.2967,4.82,4.7371,6.8671,3.3512,5.4714
"PYCR1",9.2273,8.0701,7.2015,7.8371,4.4469,8.7074,7.3742,4.6021,8.7346,7.2074,6.3513,10.4809,9.8218,9.5137,7.4306,7.1475,6.3359,9.768,8.1498,5.3542,3.9041,4.371,8.563,8.0659,6.0609,6.8336,11.0731,6.9262,6.9249,7.4233,8.1655,6.1875,6.7341,7.9351,9.5146,6.5772,8.1727,6.6221,7.7063,8.7768,8.0581,6.222,7.9288,5.9105,7.743,11.3118,7.0947,8.2922,5.5966,5.732,9.2728,7.8475,7.5306,7.9012,8.5784,5.9972,8.0078,3.058,8.8008,5.7523,10.1595,7.7582,6.8457,5.8662,6.4979,6.3932,6.7563,8.7934,9.3637,7.4025,9.4892,11.4674,10.6591,6.7954,8.3147,6.5854,10.2083,7.1023,7.5938
"KAZALD1",6.3979,8.0966,3.5045,3.9055,3.8946,7.4344,5.9673,5.8812,6.6236,6.9018,4.8012,6.1807,6.821,6.3435,7.4744,3.1519,5.263,7.3717,7.6191,4.0714,2.925,6.1411,6.9064,5.7724,3.2796,3.9992,6.5385,7.2134,3.4373,5.0809,2.9744,4.579,6.5325,3.8207,6.6177,3.5996,4.9935,2.6744,5.0106,7.0555,4.0129,4.2952,6.5725,3.1396,6.5954,9.5977,3.0346,7.4466,4.9976,4.4815,6.0185,3.6566,5.3548,4.5553,7.9254,1.7275,4.3395,4.3462,7.2092,5.7761,7.7481,7.57,6.2786,4.8763,3.8789,5.1251,6.5747,7.591,6.4945,4.2117,5.7979,10.0572,5.7537,3.1356,6.0087,4.9814,4.8934,3.7605,4.4479
"TUBB3",10.8642,8.8304,8.4264,10.6449,7.6344,9.8082,5.333,10.0179,10.1512,7.3767,8.4531,13.2391,12.31,10.5154,7.9045,9.4525,8.7763,9.0976,9.3496,9.4216,5.5396,6.6869,9.5032,7.8207,10.1898,7.0254,10.9988,10.4759,8.9725,9.605,9.0122,7.3077,11.2165,10.5894,12.1359,8.3765,7.074,8.2023,9.5405,9.1216,10.1418,9.1533,7.6051,8.2314,11.1387,11.0258,10.2784,11.1622,10.1064,6.4989,10.9914,9.9428,7.9804,9.3326,10.7857,10.367,9.7795,6.1572,11.8913,9.5553,10.7464,11.4366,11.2667,7.5876,6.7845,7.9569,10.9914,10.7718,11.0091,10.079,10.1856,11.1924,9.6927,8.0992,8.7192,8.7557,13.0041,9.0251,11.9858
"KIRREL2",4.3216,3.7058,0,0.6335,0,0.6121,2.8763,0,0,0,0,6.302,3.2345,0.5259,2.4407,0.6842,0,0,0,0,1.4204,3.5319,0,0,1.7292,1.1694,0,2.3408,1.3764,3.0961,0,0.7103,0.9449,1.4662,9.0028,0,1.4859,0,0,1.1397,0,0,5.2661,0,2.1443,0,0,1.319,0.5249,0,4.3012,0,0,0,0,0,0,0.4318,0,3.8398,2.4358,0.6467,0,0.541,0,1.4302,0,0.8969,0,0,0,2.9318,0,0,0.9679,1.6711,0,0.8772,0.8878
"LOC148709",4.6291,2.7657,2.9008,1.0721,0,2.3863,5.86,5.6514,2.3448,2.4547,0,2.9176,3.5931,4.2832,4.606,0,0,3.1504,2.5014,1.2681,1.0825,2.2758,1.8929,4.271,0.549,0.7001,2.5452,1.6007,0,2.5931,2.2791,1.5402,1.9166,0.5269,3.3639,1.3894,2.6787,3.4814,0.8703,4.7154,2.0104,0.9163,1.5471,3.8473,3.7595,3.8693,0.7413,1.319,1.2119,1.5257,3.1001,1.2936,7.9804,0.5544,6.5228,1.5106,3.4132,0.4318,0.6713,3.5058,2.3247,5.2172,2.2444,1.4957,0.7734,1.4302,2.9837,6.0273,2.9352,0,0.6229,4.8254,2.0652,2.6304,2.6457,1.8994,2.2931,2.1201,2.7975
"DUSP8",8.4832,7.2206,7.1498,8.4465,6.9078,9.5343,7.151,8.5625,8.5945,5.5002,5.0556,8.736,7.3214,7.2997,6.9705,6.607,6.7377,6.2159,6.8009,6.1199,4.4749,10.8598,8.5526,6.7824,7.4973,6.1232,9.3602,5.8218,4.1505,6.1077,10.8372,5.8162,6.2289,8.6482,6.2796,6.3762,5.7663,6.1373,5.2579,6.7292,4.6279,4.2285,7.3094,6.6646,5.6932,7.6686,3.7105,6.1999,6.5549,6.2688,2.8556,7.9098,9.8663,8.714,8.9799,9.8843,5.8521,6.8771,6.82,6.1177,9.7385,8.6872,4.4303,5.6867,8.8608,8.2894,7.7321,9.2467,8.6336,5.8424,9.0238,6.9111,6.0157,6.1197,5.5512,5.4462,7.9722,4.7959,8.9662
"CENPF",11.0269,10.0975,8.9366,7.9982,7.6004,10.87,8.7541,10.642,8.3548,9.5723,7.1914,7.0708,11.2706,11.6143,10.0221,6.8541,5.9981,11.6858,7.8996,8.7167,5.0133,7.0922,10.3721,9.3207,5.8912,9.1908,10.2771,9.449,7.2985,9.8786,8.4777,9.2775,7.789,7.0385,10.6126,7.4852,8.2373,5.7127,9.0903,11.3509,8.5255,6.6746,8.6082,5.9105,7.1652,10.1094,9.2986,7.2193,6.863,8.7527,11.3776,8.7257,11.2212,11.0065,9.2745,6.6824,6.9741,6.0346,8.1688,10.2333,12.2339,10.0496,9.9207,8.9155,9.5846,7.1973,9.5083,11.5899,8.6322,8.6469,9.1109,9.3136,8.6349,9.568,7.0649,7.3311,10.7653,7.5191,9.6398
"PPP1R14C",0.7471,2.9436,1.1977,5.0432,0,3.1584,2.0605,2.7702,2.3448,1.4227,0,2.7623,1.8704,0.9103,0,3.3366,0,2.5481,1.2623,0.9553,1.4204,3.2699,0,1.3366,2.0846,0.7001,3.6807,2.8275,0,2.1775,5.2695,0.7103,1.9166,1.8658,2.0351,0.6228,1.4859,2.6744,0,2.6357,0,0.9163,2.7584,1.6925,3.8761,2.6485,0,2.2442,1.4622,1.2687,6.3514,2.7667,2.838,0,7.6431,0.5482,0.8256,1.0334,2.1875,1.3102,3.3536,3.5542,2.2444,0.541,0,5.7426,2.6282,3.8442,2.296,3.1786,0,6.9455,2.3165,0.6033,0,1.0651,0.9006,0,2.138
"NXN",9.7571,11.5103,5.6852,7.3687,6.3964,7.1456,10.3906,11.2754,9.1026,5.0416,6.9618,11.2515,8.5931,8.7752,6.74,6.1576,9.2202,7.8873,6.4317,5.7437,6.2979,8.7235,10.7574,7.1509,6.5909,6.1489,6.2112,5.938,8.7746,10.0245,9.5142,8.5238,7.8423,7.3348,8.319,7.6763,7.9456,7.6624,7.642,7.1436,6.5759,8.159,8.4723,5.856,7.7583,10.4473,5.296,9.9293,6.7081,6.5905,10.238,6.0512,9.903,6.9461,9.7303,7.2584,8.0651,6.0575,8.3315,5.6813,6.1203,10.2999,7.4803,9.8549,7.4259,7.3095,9.6716,7.5518,8.6165,6.6845,6.9494,10.8841,7.4674,6.1089,9.6699,7.3014,10.7505,9.0586,5.0207
"LPPR3",6.9985,1.2257,0,1.0721,0,0.6121,3.465,0,2.9634,0,0,10.2896,3.0919,2.028,1.3843,1.4959,1.5587,0.6836,0.5522,0,0.6405,0,0,0.8179,0.549,0,0.6205,2.5219,2.4302,0,2.5403,0.7103,0,0,5.4205,0,1.138,0,0,1.1397,2.1807,0,3.037,1.6925,1.4385,1.6762,0,0,0.9089,0,0,0,0,0,3.793,0,0,0,0.6713,0.4542,0,1.7059,0,0,0,2.1342,1.4476,0.8969,2.296,0,0.6229,1.1656,0.4835,1.0274,1.2833,0,0.5195,0.8772,0.8878
"FAM83D",8.3958,8.2855,5.8879,6.6551,5.291,7.8709,8.3882,7.8218,6.1436,8.2324,5.2718,4.7462,8.9935,8.3467,7.1893,5.8589,3.9326,10.3441,7.0189,6.9433,2.8374,2.7578,5.181,7.7454,4.1434,6.211,7.8144,7.5958,4.8744,7.7679,5.7285,7.6262,6.039,6.178,6.8043,5.7669,7.2676,3.6282,7.2373,8.637,5.4058,3.3035,8.6776,2.1204,7.7198,7.8304,7.9077,7.1752,5.4157,6.6184,9.0737,5.8481,7.5544,8.299,6.4182,4.1411,5.9363,4.5657,5.9686,8.4764,9.1425,8.3091,7.083,7.0399,7.3274,4.7238,6.2007,8.5905,6.482,8.2263,6.8448,8.1853,6.4495,7.4677,6.1357,5.4642,9.0232,6.711,7.2433
"ESCO2",7.5924,6.2388,4.1552,4.808,3.7779,6.9559,6.401,8.0486,5.2757,7.7781,4.8012,3.1857,6.7744,8.1441,5.422,4.0684,0.7212,9.3146,3.714,6.1101,3.7922,3.4707,6.664,4.9062,2.9903,6.7607,6.1579,4.5036,4.4162,5.9165,3.9496,6.1749,3.2212,4.0762,5.3121,4.5321,4.8081,3.318,6.6611,7.5724,4.9906,2.6608,6.2472,2.7182,3.8189,7.2693,7.516,4.0616,4.1073,5.388,6.8124,4.7615,7.2566,7.6817,5.3235,3.9813,2.9192,4.285,3.9279,6.886,6.7503,6.2735,6.2074,3.1268,5.9543,3.4815,6.2831,9.1882,5.283,5.9122,6.3481,6.3688,5.8059,6.0422,4.7703,3.5757,7.3574,5.3925,5.6034
"EGR4",0.7471,0.9203,0,1.0721,0,3.5324,1.865,0,5.1976,1.4227,0,5.9969,1.2192,0.5259,1.1427,1.1464,1.8458,1.4948,1.2623,0,0,1.9567,3.9933,2.0183,5.1403,0.7001,1.053,1.8916,0.4844,0,1.5493,0.7103,2.2328,0.9119,3.5661,0.6228,2.9267,0,0,0.8498,0,0.9163,4.3717,0,1.7139,2.9236,1.2286,0,0.9089,2.2505,7.0444,1.2936,0,1.7411,3.5317,0.5482,0,2.5571,3.5441,2.4435,2.2044,1.0917,0,0.541,1.2742,0,4.2584,1.6577,1.1198,1.7522,1.3896,6.6682,0,2.041,0,0,4.3881,1.4188,0
"CDC25C",8.4887,7.8337,6.3888,3.7739,2.9885,8.0076,6.6491,7.3576,5.3972,7.5896,5.0556,4.0379,8.4062,7.6068,4.5326,3.2481,4.6062,8.3292,5.7836,5.7695,3.3143,4.3025,7.8043,6.1378,6.7854,7.0675,7.8419,7.3186,3.4029,7.2192,6.2323,7.6075,4.5362,4.1141,7.5462,4.2748,6.0146,2.5324,6.9588,8.3178,5.537,4.8774,7.972,3.1396,6.2746,6.622,6.8737,4.6819,6.2084,6.26,8.6575,7.8923,6.7876,8.1476,6.9393,2.8095,4.905,2.7188,5.6331,5.4073,8.0555,8.0351,8.3905,6.0947,6.6069,4.0227,7.2079,7.8447,5.4986,5.9011,7.1105,6.1921,6.0157,4.5439,6.6973,4.2909,7.6684,4.6106,5.899
"ZDHHC11",7.3135,5.2323,4.2564,3.2958,4.197,5.9116,1.6389,6.0133,4.8688,2.8405,5.0556,5.7912,4.0822,5.0679,3.7529,4.6595,6.1375,4.3923,3.714,2.5096,2.8374,6.9083,4.1112,4.1523,1.9179,4.3479,3.7399,6.7283,3.3474,7.9316,2.2791,5.0359,4.2154,2.7506,8.6794,3.6251,3.7012,5.8235,3.3376,6.8495,3.1822,4.2952,4.5598,0,3.2558,3.5286,3.0684,6.0614,3.2892,4.2722,5.4521,4.2029,1.5085,5.3181,5.1099,2.0828,3.6535,2.5571,4.2307,4.5812,5.7529,4.815,5.737,3.5192,1.6452,5.8312,4.552,3.7549,5.0977,3.7353,5.7814,5.0764,2.8016,2.5041,7.7168,4.8777,4.8009,3.8469,9.1588
"MPP2",6.161,6.9969,3.3299,3.4493,1.1084,3.5969,5.3819,6.0527,4.7823,5.6844,2.6727,6.9364,3.7907,3.9553,5.4489,5.4013,4.7862,3.335,3.6618,2.2497,2.4518,6.615,1.8929,2.2672,2.7131,2.0437,3.9043,4.5461,6.1705,6.1182,2.953,3.5625,1.511,2.1783,6.2939,3.1857,3.9456,1.7624,3.2143,4.8215,5.2422,2.8502,2.4127,2.9442,3.167,4.2813,1.2286,2.2442,2.0256,4.9131,5.7071,3.2792,4.138,4.3033,6.2455,1.9161,2.162,3.058,3.3896,4.6886,4.2512,6.5768,3.6106,3.1268,2.5766,2.1342,2.4111,7.7381,4.5658,0.9616,3.0977,7.9518,2.9576,3.9577,2.6457,3.508,5.6558,3.3512,6.3834
"SIK1",11.2243,11.1576,11.1641,10.8541,8.1153,13.2902,12.5127,10.25,13.5997,10.1577,8.0172,9.4097,9.8793,12.2007,10.3571,8.9529,10.7289,11.8727,11.4505,9.9907,10.7678,10.9522,8.7474,11.1448,11.2609,11.7258,11.9044,11.5427,8.2792,10.0899,10.6562,12.6708,6.9329,8.9374,13.1027,10.0138,15.1111,12.3191,10.3746,11.5255,8.7852,10.2539,11.2553,9.0223,11.9849,10.2382,9.2674,8.4911,11.0315,13.6773,13.4643,9.2946,11.12,10.4882,10.1568,9.3186,10.2006,11.7061,11.6958,9.2811,11.0543,11.3664,8.6873,9.8435,13.1336,9.3484,11.7516,10.4299,11.1594,12.0287,13.1624,10.9323,8.019,12.3718,11.79,7.6024,12.3098,9.3227,6.7224
"DRD4",4.7792,3.2446,4.0465,4.9942,3.6508,4.4338,3.2413,3.1797,4.1698,5.6036,4.8012,10.0007,2.8476,5.01,2.3295,3.2472,3.8045,4.118,1.7361,2.2497,5.3853,5.6014,8.8054,4.089,2.0846,4.8633,4.4568,3.0796,2.6294,5.2574,2.5403,5.568,4.6992,1.2156,6.8631,3.9614,2.6787,2.6744,1.4094,7.0808,2.8192,3.3035,4.3717,1.6925,3.3394,4.0331,2.6721,4.9841,2.3072,1.5257,1.8772,0,3.6651,3.9125,5.6349,2.4914,2.0318,3.3815,3.7487,3.0703,4.0212,5.3024,4.2995,3.5192,2.1848,3.6853,5.1163,3.6597,3.6254,3.101,2.2571,4.495,1.3743,1.3548,6.3622,3.7614,3.8944,2.7777,4.4201
"GLI2",8.8675,7.4806,5.9496,7.5663,5.3737,7.611,5.3635,4.9334,7.2377,8.9566,7.8921,3.1857,6.5198,9.5898,7.4137,4.217,6.1769,4.2154,5.5451,7.3106,2.4518,5.6156,9.3995,7.2337,6.6718,3.7541,8.7477,7.1143,7.8998,8.1746,8.6293,8.1726,7.4118,6.5681,10.3261,6.6488,7.2277,3.8834,8.2562,8.8514,6.7752,5.5035,8.6118,4.9078,7.8431,7.3138,6.9842,7.0827,4.5471,6.4961,6.7659,7.7729,6.7956,8.3764,3.9298,5.2991,7.0601,7.0842,7.0308,3.5058,8.2935,8.8797,8.0777,6.1604,7.5889,6.3932,6.4774,6.7764,7.0949,7.1942,9.3155,9.6483,6.2375,6.6759,9.7932,6.6574,6.4109,8.0154,5.0944
"DTL",9.7053,8.5228,6.4327,6.5315,5.5969,8.9487,6.7867,9.1359,7.3592,8.5388,6.6886,5.7296,9.2729,8.8554,7.8258,5.2713,2.9042,9.6652,4.8798,6.9378,4.9881,6.4741,8.8986,6.4835,4.7759,8.8594,8.1939,7.9403,5.3542,7.3451,6.5761,8.1109,6.039,5.7637,7.6499,5.7233,6.0276,2.375,7.729,9.139,6.3174,5.2242,7.1379,3.7308,6.8529,9.1044,7.9824,5.4952,5.8699,6.6045,9.4385,7.2882,9.4275,8.5577,8.3436,5.6964,5.2651,5.0025,6.2526,8.847,9.2299,8.9945,8.0576,6.3002,7.5729,6.1043,8.7721,9.541,6.8577,7.2891,7.7216,8.8908,7.7548,6.5536,8.1666,5.2939,9.9446,6.9928,8.0615
"DEPDC1B",8.1108,8.3242,6.9379,6.6708,3.6508,7.4676,5.9614,8.2761,5.8267,7.3823,6.253,4.8845,8.4267,7.8351,6.1095,4.0152,7.4605,8.3155,6.8249,6.5966,4.3618,7.2999,8.2264,7.8962,4.8703,8.8399,7.5752,7.5285,5.8091,6.6821,5.8778,8.3462,6.6436,4.5533,7.4788,4.5979,10.7882,2.375,6.9587,9.5651,5.0357,4.5892,8.3223,2.45,7.7583,7.0856,6.669,8.8961,5.6353,7.0036,8.0093,6.1429,6.8272,8.4342,6.0888,4.5919,6.3248,3.058,5.5792,7.3942,8.3406,7.0344,7.7916,5.0773,8.2774,4.7238,7.5177,8.4624,6.7981,6.3908,8.8268,5.2276,6.1349,6.0648,6.5505,4.1644,8.1566,5.8133,8.4178
"RNF165",4.6499,3.7141,4.3508,1.0721,1.1084,3.7177,6.3727,2.8716,4.1423,5.4662,0,5.8309,3.2345,3.2921,2.8155,2.5495,4.0315,2.3902,2.2418,1.9324,2.122,1.9077,2.9606,2.2672,2.3696,1.1694,6.0789,3.4127,1.9235,2.9154,0,2.8318,2.4919,0.9119,4.4061,3.8578,4.6321,1.1351,2.3619,2.2048,4.0573,0.9163,5.2772,1.0814,3.1661,2.6485,4.0323,4.7572,2.8365,0.5556,4.4691,2.7667,3.6804,3.6143,4.6373,2.2322,1.8444,0.7638,5.6832,0.4542,4.6472,4.2121,1.5206,0,1.9401,2.1342,3.2686,0.517,3.7539,0.5595,4.391,7.2643,1.1338,0.6033,2.4066,2.2699,3.3973,0.8772,0.8878
"KCNF1",0.7471,2.6678,1.1977,1.4081,0,4.2049,0,0,1.2387,1.0844,0,4.7668,3.5931,1.4641,2.209,0.6842,1.1999,2.5481,1.2623,0.9553,0.6405,2.8568,1.8929,0,1.5122,0.7001,1.8825,3.1909,0,2.7087,3.2736,2.2681,1.9166,0.9119,5.2837,6.7536,1.7661,0.6764,2.5774,2.7259,2.4707,1.4723,3.3406,1.0814,1.0978,4.6273,0,1.6972,0,2.9217,4.3958,1.2936,0.6915,1.9304,4.0142,1.5106,1.5512,2.9962,1.7527,0.4542,7.4645,4.0736,0,0,0,1.4302,0.8982,1.6577,1.5634,0,0.6229,2.2418,1.1338,1.3548,1.2833,0,6.3962,1.4188,0
"RAD51",7.9813,6.9299,4.5231,4.2624,3.6508,8.4636,6.6567,8.2678,5.2883,7.4253,3.5549,5.1737,7.5567,5.7605,5.8821,3.1519,2.0851,8.5987,4.9024,5.7563,3.1414,4.5591,5.2851,5.046,3.9407,6.4667,7.0633,5.1244,4.0147,6.2385,6.1948,6.9516,3.4823,3.7378,6.0626,5.6163,4.5736,1.9967,5.902,8.1302,5.1631,2.4427,5.6021,4.149,4.5024,5.8819,6.7965,4.2993,4.3747,6.1013,8.1742,5.6948,7.6634,7.45,6.5931,3.753,3.2472,4.3604,4.0873,6.877,8.1317,7.6032,5.8348,5.4062,5.3224,3.4815,7.4409,8.2253,5.6405,5.7565,6.5611,8.1667,6.0765,4.8854,6.8305,3.4371,7.8172,5.1074,5.5257
"PFKP",10.9903,11.5943,10.2461,12.8049,10.2161,11.9122,13.2015,8.7498,10.0038,9.1426,6.3513,12.6706,10.8047,12.9581,9.5751,12.0126,10.4236,10.3488,10.6238,10.7749,6.3873,9.4015,8.3812,8.6381,9.1328,8.6078,10.2808,8.9071,7.7608,11.3783,11.6124,10.4712,10.8368,10.3899,11.1611,8.468,10.0067,9.9674,8.9787,11.3613,10.3497,9.8093,12.579,7.4054,10.2713,10.7795,11.1972,12.0178,10.7677,6.2512,12.124,9.5195,10.8532,12.3181,12.7478,9.5692,10.3769,5.9719,12.7566,11.9537,13.4245,11.299,10.365,7.9333,10.3066,9.3219,10.7923,10.5877,11.9384,9.8118,11.8107,10.3826,10.474,8.4951,11.0994,9.8929,11.6805,9.2069,11.888
"IRX4",0,0.9203,0,0,0,1.0406,0,0,0.4222,0,0,4.3693,1.4704,0,0.8522,0,0,0,0,0,0,0.5659,1.2369,0,0.549,0,0.6205,0.7464,0,0.5882,0,0,0,0.9119,7.6555,0,0,0,0,0.4866,0,0,0,1.6925,3.931,2.5437,0,0,0,0,0,0,0.6915,0.5544,2.7031,1.2552,0,0,3.0197,0,2.2044,0,0,0.541,0,0,0,0,5.6177,0,0,0,0,0,0,0,9.082,0,0
"CDCA3",9.9823,9.2254,7.4618,4.4193,5.7073,9.5357,9.4738,8.8099,6.8237,8.165,6.0338,6.0921,10.3432,9.1644,6.9626,5.4405,4.857,9.8749,6.4777,6.638,4.7755,7.1523,9.6676,7.2984,5.4617,7.2537,8.6738,7.4136,5.7092,9.27,7.7453,8.0805,6.211,4.4981,10.155,6.1738,7.4892,4.2837,7.7106,10.1919,7.6844,5.1176,8.097,8.1296,6.3615,9.1102,6.9037,6.9539,5.614,7.3386,9.5653,7.9172,8.3236,8.6813,8.2508,4.2828,6.067,4.9436,7.2296,9.7042,7.6377,9.5916,9.5936,6.9333,7.1769,6.0683,8.784,9.734,7.2682,6.876,8.2208,8.0988,6.9779,5.4106,6.9455,5.7107,8.4663,4.7589,8.3445
"IGDCC4",9.3509,8.8291,9.7019,9.6866,7.185,10.5578,9.5547,10.8687,9.2724,11.1975,7.2938,9.0997,9.7465,9.0713,9.05,8.2613,9.3748,10.2117,10.66,9.4041,2.8374,8.9094,10.0322,10.6347,9.9174,5.8383,10.4101,10.1463,9.7591,9.9114,9.0756,9.7774,6.4125,7.5705,9.8192,4.9651,9.3308,7.1146,9.5242,9.8245,9.0825,6.4587,11.2045,9.4688,9.025,7.9633,9.1732,8.7831,9.0238,11.3121,4.7465,8.3233,11.2145,9.3934,8.2422,6.6759,8.4969,9.8158,9.2613,10.129,10.4203,9.4467,7.6644,8.7035,8.076,5.6482,9.8085,8.817,8.7178,7.4185,10.4386,10.9734,9.3946,9.0725,8.9824,8.4421,7.4745,8.6535,4.4763
"TLCD1",6.0619,7.3682,4.0465,5.5126,6.7307,6.563,7.6343,7.3811,5.0125,4.6491,4.8012,9.1476,8.2344,7.639,5.2187,6.5521,5.5759,6.503,5.456,3.915,5.7272,8.0894,7.1916,3.8807,5.5499,1.523,6.3316,5.0377,4.9876,5.3494,8.0392,4.7592,8.3515,5.2819,6.2651,5.2778,5.0364,5.0575,3.4512,6.9133,7.7686,5.386,4.8027,8.4011,4.9642,7.4212,2.5114,5.9953,5.3238,6.6253,7.8706,4.2029,6.2717,6.7147,7.9171,4.6726,5.793,5.3374,6.5181,7.6862,5.0478,10.316,7.3376,7.6558,4.4777,5.6482,7.2657,8.7362,5.283,4.0144,5.0619,7.5697,7.8599,2.9541,4.1087,5.2532,7.1396,3.3512,7.9419
"ZNF695",1.6018,4.2364,1.8429,2.4357,2.1597,4.1215,0,0,4.8004,3.1474,0,2.9895,5.5146,0,5.0182,0.6842,0,5.7479,3.4928,1.743,0.6405,4.033,3.7473,2.4794,1.5122,3.7541,0,3.8632,2.0677,4.7373,0.9734,3.8451,3.4823,2.6529,4.8131,1.0564,3.1382,1.1351,2.1085,5.619,1.8172,2.4427,2.7584,2.45,1.0978,3.8253,2.3345,0,2.5427,1.2687,4.8615,1.9645,1.7908,3.4384,5.273,1.2552,2.9192,2.0498,0,1.9935,4.9943,4.5643,1.5206,0.541,3.138,3.488,6.0205,5.6356,3.2654,1.5336,2.6806,2.9334,2.3188,2.3656,4.5525,2.0966,5.3685,2.3811,3.3721
"SPOCD1",5.2078,3.6036,1.1977,1.9093,1.1084,4.3981,5.2478,5.1671,2.3448,1.0844,2.6727,3.2456,2.9337,2.9253,3.3013,2.6918,2.0851,2.0109,2.9122,0.9553,3.5383,0.5659,1.2369,2.2672,0.9458,2.0437,3.0915,2.8275,4.0499,4.6818,5.9243,2.2681,3.0705,3.9169,2.6831,5.738,2.3791,3.0318,3.6546,2.2048,5.7684,2.1856,3.8047,4.5436,1.7139,3.912,3.2828,3.0832,3.8241,4.979,7.1295,2.4206,2.838,3.8669,5.5666,2.711,4.0396,2.1666,3.7487,3.2493,8.7643,3.8083,2.2444,2.9681,2.5766,3.2441,2.1554,3.7549,2.5092,4.0966,2.9031,3.9155,2.1964,0,1.542,4.0261,9.4181,1.8117,2.138
"MMP10",0,2.8574,0,0.6335,0,2.3863,2.9765,7.2932,0.4222,0,0,0,1.4704,1.4641,0.4881,0,0,3.0484,0,0.9553,0,0,0,1.3366,3.2926,1.1694,1.053,0,0,1.0049,0,0,0,0.9119,0,0,1.4859,1.4826,0,0.4866,0.5896,0,0,0,0,6.7274,0,0.8053,0,1.5257,0.9193,0,0,2.6217,6.7491,0,1.3474,0,1.9864,1.3102,3.173,4.2976,0,2.3491,0,0,0,0.517,0.8337,0.9616,3.1859,4.3265,0,0,0,0,3.2734,0,0
"FOXM1",10.0404,10.2876,8.3764,7.3107,6.4512,10.9348,9.2532,10.6853,8.7644,10.1478,6.3244,6.4434,11.0713,9.3423,9.7088,6.9501,5.8627,11.4109,7.8662,8.9436,4.8113,6.2522,8.969,8.0065,7.3759,9.3945,9.8714,8.7345,6.9522,10.2453,8.1828,9.0966,6.6783,7.405,10.0169,7.7239,8.1947,4.4246,9.3606,11.039,7.9444,6.8021,8.6898,4.2824,8.0525,9.9347,9.5946,7.8457,6.6441,9.4376,10.8875,8.1514,9.7472,9.6597,8.622,6.4981,6.8038,6.1111,7.8098,9.8876,9.8674,9.5798,9.546,7.1838,9.3704,7.8949,9.2249,11.2377,8.5141,9.3012,10.0759,11.0625,8.9584,8.5906,8.7677,6.7649,10.8155,8.0592,8.8224
"C15orf42",7.7254,7.2084,5.4914,3.7739,3.7779,7.9668,5.0549,8.0339,5.401,5.8049,5.6261,4.6674,7.9189,7.6415,5.2514,3.3486,5.0982,8.9877,4.6036,4.701,1.9238,4.5883,7.0208,5.9898,3.6528,6.7355,6.0093,4.6787,4.8435,6.9524,5.1272,6.8065,3.597,3.5333,6.8021,4.3907,5.5615,1.9967,5.0209,7.9825,4.3411,3.7466,7.0087,4.7401,3.8288,7.2469,4.9333,5.3192,4.3124,5.68,8.0828,4.9763,7.6321,6.4132,7.5933,2.6054,4.5567,2.9317,6.4572,6.5427,7.7639,7.8977,5.9263,4.2644,5.6007,4.6281,7.3748,8.1283,5.535,4.5105,6.9445,6.9404,4.7061,3.0477,7.2504,3.6403,7.7864,5.3036,5.386
"IL11",2.829,3.102,1.1977,4.2204,1.1084,3.2413,0,0.5339,0.7485,0,0,5.0616,3.3642,1.2137,0.8522,0.6842,1.5587,0,2.8199,0,0,0.5659,1.2369,2.0183,1.2566,2.5842,2.2515,2.6828,1.5827,1.3278,0,1.1842,0,1.2156,4.5039,1.0564,1.138,0,0,0,1.8172,0,0.5661,1.6925,0.6509,4.1447,0,1.6972,0,0,9.6413,1.9645,2.9571,2.2476,0.5453,0,1.7298,0,3.5441,2.7114,3.0387,0,0,0,0.7734,0,1.4476,2.5214,2.0457,0.5595,2.0841,4.6219,1.1338,0,1.9516,0,3.8517,0.8772,2.138
"MYH1",0,1.8787,0,0,0,4.9601,6.8738,2.9481,1.0143,0.6418,0,0,0.9149,0,0,0,0,0,0,0,0,0,1.2369,0.8179,1.2566,0,0.6205,1.8916,0.8465,3.8671,0.9734,0,0.9449,0,0.8275,0,0,0,0,2.0735,1.5942,0,0,0,0,0.9094,0,1.9964,0,2.2505,0,0,0,0,1.2497,0,0,0,0.6713,0.4542,2.2044,8.4558,0,1.2418,0,0,3.9712,4.1891,1.7427,0,2.2571,5.0585,0,0,0,0.6286,0,0.8772,0
"TBX4",4.8144,0,0,0,0,1.0406,0,0,1.0143,0,0,5.0945,0,6.6303,1.933,0,0,6.7905,0,0,0.6405,0,0,0,0,0,0,2.1336,1.3764,1.8143,0,0.7103,0,0,0,1.3894,0,1.1351,0,0.4866,6.423,0,0.9717,0,0,1.4629,0.7413,1.319,0,0.5556,4.1999,0,3.067,0,0.5453,0,0,0.4318,0,0.4542,0.8495,0,0,0.541,0,0,1.4476,0.517,0,0.9616,1.3896,1.9638,0,0.6033,0,0,5.0665,0,0
"NPB",4.2718,1.2257,0,0.6335,0,1.865,1.0406,2.5671,1.4329,0.6418,0,9.8813,1.6842,2.5453,2.7305,1.1464,0.7212,2.0109,0.5522,0.5553,2.2963,1.5466,1.2369,0.8179,1.5122,1.1694,0,1.2358,0,0,1.5493,1.1842,1.511,0,1.35,3.0034,1.4859,0,0,1.5877,1.8172,0.9163,2.2763,0,0,6.0822,0,1.319,1.4622,0.5556,4.6474,0,1.7908,1.5233,2.2249,1.2552,0,1.0334,0.6713,0.4542,0.8495,6.141,0,0,0.7734,3.4815,1.8445,4.2558,1.3586,0,1.0567,2.7659,0.845,1.3548,0,1.6711,2.7301,0,2.138
"COL20A1",0.7471,3.7543,0,0,0,1.6389,0,4.3719,0,0,0,1.7285,0.9149,0,5.1219,0,0,0,0,0,0,0,0,0,0,0.7001,3.6807,4.8807,1.5827,5.5945,0,0.7103,0,0.5269,4.5523,0,1.138,0,0.8703,3.1735,0,0,0,0,0.6509,0.9094,0,1.319,0.5249,2.6248,0,0,3.067,0,5.2901,0,0.8256,0,1.4738,0,0.4865,2.6066,1.5206,0,0,2.9597,1.8445,0.8969,0.4762,0,1.66,0.8709,0,0,6.6839,0,0,0,1.4333
"FOXN4",1.6018,1.692,0,1.0721,0,2.652,2.7685,2.5671,0,1.0844,0,1.7285,2.5534,1.4641,0.4881,1.1464,0,0,2.0921,1.525,0,0.5659,0,0,1.2566,0.7001,2.897,3.1909,0.8465,4.3312,0,1.1842,1.9166,0.5269,4.8131,0.6228,1.4859,0,0,4.3684,1.3302,0,7.5833,1.0814,1.7139,4.6273,0,0.8053,0.5249,1.2687,0,1.2936,2.0269,0,1.9092,0,0.471,0,3.6837,2.3419,2.7254,5.7289,0,0.541,0,1.4302,5.0799,4.7004,1.1198,0,1.3896,0,0,0.6033,4.0682,0,0,0.8772,1.4333
"ZGLP1",6.1739,7.213,5.9762,4.5984,5.195,6.2938,6.9568,5.8835,5.1582,3.4238,5.1764,3.4665,6.2118,5.7287,2.9538,4.4423,6.974,5.5232,5.4702,3.4495,5.3917,4.6803,7.6431,5.6785,3.879,6.2609,6.4474,6.2176,4.5853,7.8751,5.7367,6.272,4.0664,3.7525,8.5298,4.7861,5.2242,4.5002,4.0359,5.7328,5.1044,3.542,6.277,5.3879,3.8072,14.017,2.2836,6.7959,5.3555,3.2087,4.6871,5.8571,4.6988,5.3421,6.2377,3.8726,5.9291,4.7308,6.6901,6.1047,4.1411,5.564,6.0608,6.2848,2.4606,6.1706,6.4335,5.9055,6.5384,2.8756,5.2887,5.7889,5.3052,4.9133,8.5134,4.9228,5.1497,3.9905,6.8314
"NR2E1",0.7471,2.1921,0,0,0,0,0,3.1065,3.084,0,0,6.1921,1.6842,1.8633,1.1427,0,3.1348,0,0,0,0.6405,0,2.9606,0,0.9458,0.7001,0,0,3.3474,1.0049,2.5403,2.6062,0,0,5.2837,0.6228,0,2.1982,0,0,0,0,2.6521,5.0603,1.7139,3.8693,0,1.6972,0.9089,0.5556,3.8447,0,2.4074,3.3746,3.4732,0.5482,4.1691,0,0,0.799,0.4865,5.3432,0,1.4957,0,0,3.7107,3.0579,0,0,0,1.8018,0.4835,0,0,2.9172,0,0,0
"E2F2",8.0419,6.7502,5.1142,3.9895,4.1031,8.485,6.4455,8.6616,3.8338,7.6309,4.4922,6.8903,7.3412,6.9299,5.3947,3.8429,1.5587,8.8934,3.9499,5.5692,2.4518,4.1152,6.8107,5.3457,5.2497,7.1193,6.5706,5.3083,4.3041,6.2288,6.7411,6.4723,4.5926,4.3809,7.2187,5.7085,4.337,3.1336,6.1408,8.9365,4.2225,4.0076,5.712,2.1204,4.6073,7.0334,6.2523,4.2434,4.1073,6.458,7.7474,6.1723,7.5962,7.0052,6.3548,3.6505,3.8973,4.1211,4.7899,7.4318,8.1481,7.9118,6.6715,4.8228,5.6827,5.1251,6.4057,7.9839,6.0848,5.3335,5.6166,7.7162,5.1391,4.6067,6.6772,3.7021,6.9248,5.2727,5.7244
"FAM171A2",6.5007,5.4394,3.5045,5.1138,3.3574,3.9818,4.9601,5.8323,5.4541,3.2333,2.6727,9.0905,5.3205,4.2502,5.5011,5.2017,4.7519,5.3143,4.7103,3.5605,1.0825,1.2874,5.234,1.7173,3.1494,6.0019,5.3869,4.3681,5.4885,3.7639,3.4106,3.3981,5.4137,3.7378,6.8438,4.0581,5.0625,2.8036,5.1941,3.6591,3.5361,4.4201,4.8516,0,5.8724,5.2099,2.948,6.5383,5.0648,2.8294,5.6052,5.6538,3.1692,4.9095,7.7608,3.0699,4.7686,3.1741,4.1845,3.5968,6.3433,4.4547,3.6106,1.4957,3.7833,3.8639,4.4978,5.8661,6.4883,3.5138,1.8876,9.3117,6.3189,3.1356,3.6949,4.8777,5.7633,3.4649,5.415
"GDNF",2.3422,1.692,0,0,0,0,0.6121,10.343,1.2387,2.5951,0,2.3902,0.5288,5.2456,0,0,0.7212,3.9584,0,0.5553,0,0.5659,2.6842,0,0,0,0,0.7464,4.4162,4.3668,0,0.7103,0,0.5269,0,2.7947,0.6783,0,0,0,1.0069,0,0,0,1.9451,0,2.8167,0,0,0,0,0,1.5085,0,0.5453,0,0.8256,0.7638,0,0,1.9285,1.0917,0,1.8992,0,0,0,1.1973,0,0,0,0,0,1.0274,0.5636,0,2.4154,2.59,0
"MMP14",11.6523,11.2482,9.9043,11.4363,9.1217,11.3997,5.7651,8.5829,12.6265,9.3782,7.8253,10.9528,12.0512,13.6401,11.1848,9.3122,11.8769,12.2531,9.2927,9.4141,12.1474,9.4046,10.7876,9.944,8.4877,9.6493,11.7137,10.8823,11.4551,11.0168,12.7702,10.64,10.7015,9.7123,11.1925,12.7459,9.4258,9.046,9.9545,12.1798,11.1683,9.3415,11.5861,8.3178,12.1097,13.1463,9.685,11.5125,9.6791,8.378,13.139,11.2514,8.3145,11.5716,12.1837,10.2363,10.1835,11.3537,10.7717,11.4044,9.904,12.4414,10.6912,9.9914,10.0739,10.048,12.4404,13.21,12.1925,8.7648,11.4151,16.3071,10.5682,10.4916,12.6992,9.8585,13.7682,9.8557,11.3102
"FOXA3",2.1349,1.2257,0,0,0,1.865,1.3705,2.7702,0.4222,0,0,1.7285,1.8704,4.7041,0.4881,0,1.1999,0.6836,0,0,3.5383,0.9713,1.2369,0.8179,1.9179,1.1694,1.3853,0,2.3192,4.3668,2.2791,0,0.9449,0,3.5661,3.2688,0,0,0,2.2048,2.9188,1.4723,1.7667,1.0814,1.0978,6.1816,0,0.8053,1.4622,0,4.0527,0,5.7355,1.5233,3.9726,0.5482,1.11,6.5193,1.4738,1.3102,1.3806,2.4659,0,2.5862,0,0,2.8168,5.4053,0.8337,0,0,0.8709,0.845,0,3.5843,0,2.1595,0,0
"VASH2",5.31,5.0304,3.5045,5.7528,3.8946,5.6784,2.5253,3.806,3.4853,6.511,2.6727,5.2778,4.2924,6.4962,4.606,2.6918,2.0851,6.1681,3.2315,4.4677,2.4518,4.1931,4.4164,4.271,5.2142,0.7001,1.053,2.3408,3.5078,3.4012,2.2791,4.6169,4.2855,1.2156,4.9993,7.358,4.2487,3.1336,5.6397,5.5212,5.6282,3.4277,5.9323,5.0603,3.984,5.4169,6.3387,5.0507,2.3072,7.2008,3.7524,2.4206,3.3541,4.2687,6.0088,2.0828,1.7298,5.4568,5.7317,6.3116,3.9481,6.6918,4.5503,3.0497,4.6093,3.2441,4.7958,7.9005,3.2636,6.3326,2.551,8.5831,3.3444,4.0051,2.5311,4.2905,4.9089,4.6592,2.7975
"COL5A3",8.5395,6.8428,6.8272,10.1086,6.1368,9.3184,6.033,8.5946,7.5414,7.4393,6.6886,7.163,8.8361,8.6932,8.2042,7.2256,9.0559,10.1668,8.0029,7.0947,5.7272,5.6156,8.9861,7.8822,5.3183,7.9343,12.8705,8.8362,9.4416,7.877,10.455,8.5287,7.9649,8.6226,7.5816,10.0973,8.4627,5.538,9.0726,8.3178,7.5911,6.8623,10.2385,7.0641,9.3093,8.9283,10.1014,7.5188,6.9979,6.4503,7.3266,7.5893,6.8115,7.7174,10.3197,8.5632,7.3366,8.4249,8.9326,5.0843,11.8504,7.5948,7.9526,6.4429,8.7296,6.6338,9.0675,8.8239,8.8834,8.9531,10.6837,11.7234,8.5363,8.8568,7.9382,7.0272,12.6627,6.2219,5.4435
"GPSM1",10.6328,10.566,4.602,12.2899,10.7218,9.0356,9.7559,9.351,9.1026,6.3715,6.0338,9.5229,8.899,9.2938,7.9079,10.5914,7.5126,10.9445,8.9245,7.6877,10.5025,8.2776,10.9278,5.1426,7.7907,7.9562,9.6078,7.9283,7.1564,11.1219,9.912,6.4089,8.9566,9.0887,10.7712,8.5801,5.3862,6.2549,9.1335,9.038,8.3866,9.0518,7.4269,7.8992,7.623,11.7194,9.5597,8.1664,8.7114,6.9769,8.8921,8.1572,8.1336,9.9171,9.5713,7.0068,7.2839,10.5721,7.0884,8.9172,7.8502,9.6864,9.3964,6.0359,7.8462,7.8654,8.0932,8.3714,8.1525,9.8982,8.8422,9.2314,10.0036,4.1806,9.8353,8.3019,10.2057,9.1119,10.7599
"HIST1H2BH",4.9472,4.4576,1.1977,1.0721,1.1084,4.0292,0,2.0478,2.3448,1.4227,3.5549,3.8578,3.3008,3.2921,1.1427,0,2.6297,5.4996,3.0807,0,1.0825,4.1152,5.7159,2.2672,3.4229,3.0867,4.2684,3.7222,1.5827,4.0092,1.9598,2.447,0,0.9119,6.5419,2.2568,6.1667,1.7624,0,2.5394,3.9671,2.4427,4.4048,1.0814,2.1443,3.5825,0,3.0832,2.0256,5.8659,4.7224,1.2936,3.9208,3.4384,2.7031,0,0.471,0.4318,2.7918,3.0053,1.9285,5.1498,2.7241,1.4957,3.0168,5.3213,2.4111,3.7549,1.3586,1.9421,1.66,2.7659,1.3743,1.6214,0.9679,2.0966,2.4154,0.8772,2.6093
"SCGB1C1",0.7471,7.6758,0,0,0,5.2071,3.5324,5.5585,1.2387,0,0,0,0,0,0,0,0,1.4948,0,0,0,0,1.2369,0,0,0,0,0,0.4844,5.1592,7.0759,1.1842,0,0,0.8275,0,0,0,0,0,0,0,0,0,0,2.5437,0,0,0,0,0,1.2936,2.4074,0,0,0,1.3474,0,0.6713,0,0,2.3101,0,0,0,0,0,0,0,0,0,0,0,0,0,0,0,0,0
"RADIL",6.3165,8.1983,7.1366,7.6637,3.5115,6.0789,2.0605,5.4144,5.8439,6.0319,5.6261,6.0482,6.4263,1.4641,4.0964,4.0152,4.2104,5.8722,7.0137,6.457,4.6131,3.34,6.0765,4.9424,7.7069,7.2787,7.4389,7.8835,4.9509,6.8739,4.9922,4.2336,4.2154,4.8015,6.6571,3.803,5.6155,1.7624,7.5171,7.2115,4.1829,4.7405,6.8441,0,6.4349,5.9347,2.3306,5.6748,6.7141,6.3036,4.6978,7.1025,5.2674,7.1359,5.6349,3.357,4.288,3.475,5.8842,5.9115,6.7177,4.5963,5.2624,3.1268,5.9209,5.8735,5.0799,5.969,5.4855,6.0319,6.3859,7.2699,5.5602,6.2825,5.7437,5.7396,5.0477,5.1758,2.3928
"HMMR",9.065,8.4819,7.4457,5.9965,5.2477,9.342,5.9736,8.9406,5.9188,8.6755,5.2718,6.2734,9.0452,8.1077,5.8722,5.7164,4.3546,9.1193,5.6284,7.9675,4.8551,3.2699,6.5847,6.7723,5.6195,8.651,8.4875,7.1765,6.2708,6.7443,7.8044,7.8335,4.9785,4.9733,6.5053,5.7233,7.7663,3.5567,9.0091,7.5693,6.4313,5.3551,7.2192,3.8473,7.1185,7.3531,8.4985,5.3699,5.8914,8.5934,9.567,7.5893,9.6874,9.8585,6.7856,5.0602,5.3631,4.6683,6.71,6.5917,8.9927,6.9245,9.2267,6.5517,8.5308,4.4154,6.8348,9.2364,7.0187,7.8533,8.3274,7.61,7.4963,7.4592,5.5946,4.9811,9.3372,6.3897,7.3296
"C11orf9",7.5924,7.5232,7.4776,4.6585,2.7613,7.7415,7.0738,7.0121,6.8052,7.4851,7.2938,8.6486,6.6527,6.5781,6.7015,5.0247,5.8108,5.987,5.294,5.0411,3.6061,6.3606,5.3822,7.219,7.3779,5.1939,4.9586,9.2141,6.13,8.63,6.2323,5.3602,3.4823,5.4943,8.4716,10.2147,4.9268,5.1332,7.7679,9.9828,6.101,4.2285,7.7978,5.8835,3.931,6.2664,5.5652,5.7569,5.502,8.2458,6.7056,5.5233,7.773,6.8959,7.1639,5.8888,7.907,11.5328,8.0609,7.2787,7.8946,5.7442,6.0536,7.1503,7.3713,5.6962,6.3457,7.2051,7.3375,6.2179,6.3671,7.5728,3.8215,4.7528,5.7692,5.0302,6.2395,5.2088,2.6093
"FAM64A",8.694,8.3599,6.7599,7.1113,4.1031,8.9332,8.858,6.3897,5.2501,6.9109,4.4922,6.1921,9.3035,8.153,5.7042,6.8465,3.0241,9.4154,5.1308,6.4647,5.83,3.8529,6.4568,5.8632,7.119,6.5934,7.7183,5.7868,3.4563,8.0731,6.817,6.959,4.7496,5.2655,6.9196,5.5513,6.769,5.2284,8.0507,8.6644,7.1583,6.4732,6.0625,4.611,6.0567,7.1179,9.6225,5.4952,3.8681,7.7561,8.4003,7.5784,6.8658,8.5667,6.228,6.3062,4.6179,3.6048,7.7315,8.2532,8.3245,7.5388,8.8539,7.7349,7.5566,6.6338,8.6626,8.8402,6.3705,7.6403,6.6098,6.0904,7.2507,7.1255,9.4109,4.2905,9.0339,9.3395,8.2466
"NOX4",4.589,4.2702,3.9289,5.782,4.5214,4.0752,1.6389,2.9481,6.2697,3.5417,4.4922,6.1457,4.044,8.8513,4.5073,1.1464,4.8845,6.6754,3.714,2.6239,2.4518,2.7578,4.5052,3.2312,2.9037,4.8633,3.416,2.3408,7.2041,3.4012,6.5317,3.7785,3.3577,2.435,7.2036,6.0279,3.8286,2.1982,4.0647,4.0913,4.8959,4.0076,3.6476,2.9442,3.2558,4.5751,3.7827,3.6103,4.1436,4.3407,2.9418,1.9645,3.067,4.3033,3.5879,3.2904,2.8436,4.9546,4.8204,2.9372,6.2777,6.0205,5.8813,3.4608,5.6423,4.6281,4.552,8.2149,4.3336,3.5138,3.0037,6.4116,4.4918,4.0051,6.5724,1.0651,7.3913,2.1201,1.4333
"TYMS",11.1866,10.3248,7.8987,7.2021,6.2945,8.9726,10.2411,10.3871,7.9258,9.6365,6.0918,7.9899,9.9899,10.2834,7.995,7.5424,4.279,11.9876,7.5289,7.8579,4.3329,7.6771,8.3593,6.874,6.322,9.2638,8.9761,8.1864,7.5821,8.7394,8.4538,8.5512,6.3216,6.5825,7.5901,8.7547,7.321,4.837,8.9277,10.3913,8.566,5.8814,8.6522,4.5998,8.2509,9.4044,9.6153,7.4609,7.2021,8.315,10.6607,7.7457,10.1295,10.0164,8.7971,7.0726,7.3272,7.803,8.1492,9.5178,9.6126,10.8701,8.7705,8.3412,8.5565,6.7549,9.2058,11.3729,8.2558,7.2069,8.9432,10.9634,8.3777,7.6576,8.274,7.2977,10.6828,7.7173,8.1885
"TTK",7.5668,7.7405,6.0932,6.5905,5.6642,9.0856,7.318,8.6711,6.8653,7.3628,5.2718,5.4658,9.4394,8.7953,6.5913,4.394,2.9042,9.8855,5.2416,7.1859,8.8624,6.2647,7.7598,5.8053,8.8085,8.1076,7.8883,6.1729,5.1746,7.7944,5.9694,8.2857,5.1386,4.2863,7.7878,5.4658,5.7503,6.8635,6.8175,8.9944,5.9084,5.7613,6.8501,3.6042,5.3136,8.2749,6.8309,4.2993,5.5159,8.4457,8.3201,6.4608,9.5952,9.571,7.504,5.4744,4.5482,6.911,5.3257,8.1979,9.5156,8.3941,8.4379,6.4728,7.7305,7.5372,7.823,9.7154,6.507,6.423,7.1159,7.9323,6.3822,10.524,7.5972,4.3302,7.7491,7.1197,6.9577
"PFKFB4",7.0875,9.54,10.7571,7.7585,6.9756,11.2288,9.4176,10.3113,6.9311,8.5795,7.0812,11.3532,9.869,10.0029,7.6747,7.9037,9.7811,10.6448,6.9444,8.9135,8.6798,6.3773,6.9753,7.0382,8.9916,9.4613,5.3494,7.3118,5.4229,6.8614,8.5238,9.3482,7.5176,7.307,8.5572,6.768,11.471,5.1084,7.7063,8.8824,8.1836,7.3831,10.8526,7.4794,7.708,9.7556,10.5117,12.2241,7.2264,8.2746,7.8089,7.0561,10.3873,8.362,11.8458,6.5102,6.5073,9.1701,11.6947,9.1991,7.8849,10.4316,10.1349,7.936,9.5712,7.937,9.8697,9.1721,9.2121,7.9615,10.5617,8.569,8.5909,8.5992,10.5499,7.3064,8.5088,8.3983,10.1478
"DEFA4",1.6018,1.2257,0,0,0,0,2.3863,0,0,0,0,0,0,0,0,0,0,0,0,0,0,0.5659,0,0,0,0,0,0,0,0,5.9243,0,0.9449,0,0,0.6228,0,0,0,0.8498,0,0,0,0,0,11.5086,0,0,0,0,0,0,0,0,1.5046,0,0,0,0.6713,0,0,4.0243,0,0,0,0,2.6282,0,0.4762,0,0,0,0.4835,0,0,0,3.5114,0,0
"PBX4",1.6018,5.1621,5.4059,3.7739,1.7277,3.8292,0,4.0978,2.0214,3.7956,5.2718,4.5933,2.756,0,2.7305,1.1464,3.7359,5.8113,1.7361,1.2681,2.72,0,6.2665,3.804,2.3696,4.3915,2.897,1.8916,1.7631,6.8426,1.5493,3.3981,1.9166,2.548,6.6899,3.7461,2.6787,0,3.3376,3.6125,2.9188,2.4427,3.7019,2.1204,4.3892,1.2126,2.3306,1.9964,0,1.2687,5.4224,3.6566,3.3541,3.3746,4.4976,1.5106,3.5622,1.0334,2.1875,4.9353,4.1571,3.0623,2.2444,1.7115,2.394,3.4815,1.4476,5.8873,3.9874,1.7522,2.551,3.7915,3.0297,1.8464,3.5843,3.508,5.4566,2.59,0.8878
"CENPM",8.8738,8.9693,6.968,4.8637,4.9569,8.2142,6.9682,7.681,5.6524,8.0153,5.4598,5.189,8.9333,7.6952,6.3774,5.5766,2.9042,8.8731,4.7357,5.5692,2.8374,4.6447,7.6952,6.6462,4.8001,6.9906,7.5044,5.3805,4.5451,7.354,7.3977,6.5527,4.2855,4.35,8.7997,5.8637,4.5736,2.9222,7.8531,8.0495,6.4482,4.6918,5.7251,5.44,5.1838,7.009,6.6973,5.1451,3.8681,6.8298,9.4441,7.2882,8.0557,7.6039,7.1406,4.8216,4.9597,4.1497,5.2603,8.0202,8.0225,8.6348,7.4954,6.9365,6.7082,5.3812,8.2323,8.9297,6.3773,6.4545,6.6646,7.7937,7.0179,4.8073,5.5658,4.7663,8.5527,5.5554,6.8341
"SYCE2",5.8061,6.4886,4.8807,2.8205,1.7277,5.4705,4.7208,3.0295,4.6712,6.7993,2.6727,3.5605,4.7613,6.218,3.8767,3.9601,3.2376,5.1268,2.8199,4.6939,1.4204,3.0364,6.4115,3.4484,1.9179,6.6751,6.1901,4.32,3.2296,5.8551,4.8061,6.2731,4.9785,2.3123,7.4788,2.4112,3.1382,2.5324,5.2264,5.9061,5.3354,2.6608,3.2705,2.1204,3.167,5.5032,4.5752,1.9964,3.223,2.1005,2.3249,4.3124,3.7334,6.5295,5.3723,1.5106,2.4941,1.4566,4.0873,3.5058,4.7582,6.6598,7.5102,4.0014,3.9248,2.1342,5.6001,6.9372,4.5417,3.5138,4.1923,5.9032,5.7642,2.3656,4.6381,2.6919,4.8879,3.0928,5.1983
"FAM196A",0,2.0439,2.2872,1.6804,0,1.0406,0,0,5.0426,1.0844,2.6727,4.3145,3.9644,0.5259,4.1299,2.0122,0.7212,3.4986,0.5522,0.9553,0.6405,2.5368,5.181,0.8179,1.2566,1.8067,1.8825,2.5219,1.5827,3.7095,1.5493,4.1839,1.511,2.6529,3.8246,0.6228,5.2563,0,0,1.7684,0,1.4723,5.6163,0,5.1838,3.6344,1.2286,1.6972,0,0.5556,3.2428,0,0,0.954,0.5453,0,0.8256,1.2605,1.9864,0.4542,5.3749,1.4312,0,0.541,0,0,1.8445,1.4458,2.7795,0.9616,1.0567,2.2418,1.1338,0.6033,0,0,2.5281,0,0
"HOMER1",6.9198,7.5197,6.4541,6.3485,4.7243,6.9743,7.7871,8.3689,6.9669,6.0564,4.0984,7.1076,5.5006,5.8512,4.3164,4.9699,5.1447,6.7423,5.361,7.1192,6.1239,6.7818,5.3345,6.8883,6.7421,7.0187,5.9972,8.2182,8.0178,4.7098,3.8567,6.9367,5.6971,6.4421,5.7039,5.2162,8.0176,3.318,4.8241,3.6591,3.0121,4.6414,7.5577,0,6.9426,7.4249,5.6831,7.255,6.443,5.945,5.5096,3.8138,6.7876,5.9523,7.0334,4.9989,6.5256,7.2422,6.8499,1.5109,7.3091,6.6106,6.0936,0.541,5.8693,5.1935,6.661,7.334,5.9544,6.8595,4.9901,8.7042,5.4197,6.3846,6.1455,5.4462,7.4604,5.3036,6.1953
"WDR76",7.7416,7.0658,4.4395,6.1941,4.0026,7.2644,2.5253,7.3418,4.9662,7.3128,2.6727,2.9176,3.6451,6.0269,6.6733,5.2713,2.7735,8.4886,5.3279,5.5692,5.306,4.9662,2.3422,5.6821,3.3592,6.3611,3.6189,5.4492,4.7516,5.8676,5.6477,6.2849,3.7033,5.2655,5.4205,6.1536,3.7663,4.2438,6.1408,7.675,4.2225,3.8389,5.3535,2.9442,4.4279,4.4357,6.5704,5.1753,5.1022,6.26,9.2102,4.6822,7.3301,7.6948,5.4196,5.1754,3.1248,5.0489,1.1276,8.1573,3.7898,7.7161,5.331,5.6867,5.5794,4.7238,6.2007,7.4874,4.9595,5.8305,6.3191,7.5411,6.1832,5.4961,4.9815,3.6403,7.8955,5.5554,4.9824
"CHRNA5",7.926,6.4886,3.8008,3.124,3.5115,5.326,6.5711,9.2717,4.7278,4.5832,5.7751,4.8463,5.2717,5.4335,2.8957,2.2144,5.2953,7.7314,5.5595,4.9344,4.008,6.5573,4.9472,6.1062,4.1807,4.5537,3.3414,4.0518,4.0499,5.4189,3.2736,6.3082,4.6468,3.0094,4.9276,3.422,6.6789,3.9407,3.3376,4.4501,7.0526,5.4163,6.0416,5.5472,5.4134,8.2418,3.917,7.5011,5.9743,5.8306,7.8706,3.2792,7.1913,4.0412,9.193,3.8943,4.288,2.2745,4.1367,8.1309,3.612,7.2265,4.661,4.7269,2.7387,4.1658,6.0953,7.3833,4.7236,4.136,5.9919,6.7371,4.1146,3.4416,4.7703,4.9304,6.6225,5.9168,4.774
"GRIN3B",0.7471,0.9066,0,0.6838,1.1084,1.0406,0,0.5339,2.7561,0,0,8.8269,3.3322,0,2.3961,1.1464,3.3129,0.7051,0.5522,0,1.1201,0,1.3791,1.3366,0,0.7001,1.0936,1.2768,2.8036,2.1614,0.9734,1.6141,0.9449,1.2156,6.4596,0,1.138,0,0,0,0,0,5.6509,0,1.4863,1.4606,0,1.3362,1.3987,0,2.1806,0,0,2.1071,0.9401,0.5482,0,3.5474,2.7568,0,0.8655,0,0,0,0,0,0.8982,1.4458,2.824,0,1.0678,4.6134,0.845,0.6229,0.5683,0,3.7438,1.5149,0.9715
"TMEM54",7.4708,6.8372,3.9289,5.9197,6.5992,6.0675,5.4876,7.071,8.4207,6.4476,5.6261,9.6647,7.2392,5.3736,7.1325,6.4557,7.6998,6.7826,8.0029,6.6782,9.4901,9.2742,7.1509,6.3816,7.1381,4.7338,7.0517,6.4881,7.5311,8.0459,7.0861,6.3082,7.4118,6.3515,9.3919,6.0398,4.4602,3.4814,4.5459,8.4261,5.6282,7.0087,6.378,4.3984,6.4909,8.0375,3.7827,6.467,6.2063,4.6685,9.8763,5.6948,5.2903,8.0153,7.984,6.2104,6.6135,4.9708,5.215,8.3447,9.7015,7.9286,6.8221,6.8018,4.9109,5.9935,7.9989,5.9287,7.0531,6.6373,3.0977,11.325,7.4931,4.9352,7.7428,7.536,9.0947,5.8556,4.237
"TRIP13",9.9165,8.2937,6.3204,5.0907,5.0096,8.5637,6.4886,9.4688,8.4561,7.6869,5.6261,6.5714,8.9373,9.076,7.0472,5.9035,4.8525,9.5262,6.6815,6.4724,3.4672,8.3558,7.4373,6.3948,4.6749,6.7854,8.5775,6.0156,6.5419,8.7763,6.2323,7.6674,4.4163,5.5898,8.0798,5.7811,6.8311,4.049,7.3144,8.9223,6.0688,4.7876,5.7511,4.0553,6.3568,7.9659,7.6329,6.2574,6.3836,6.395,9.1627,7.8834,8.4852,9.1366,7.8838,6.098,6.4189,4.3604,6.2968,6.7734,8.6652,8.2325,7.9307,6.6662,7.1442,6.0683,8.6409,8.3198,7.2175,6.1994,7.9212,8.614,7.2163,5.9483,10.9758,4.7371,9.7205,5.4488,9.0473
"COL5A1",12.6325,10.04,7.8372,11.753,8.7005,11.3056,5.4705,9.0012,10.0963,8.6516,9.8033,10.8856,12.8873,11.4321,10.4736,8.1578,10.514,12.9673,10.7471,9.4061,6.8526,8.5824,12.926,9.3446,8.2385,9.0242,10.7538,8.7593,10.2213,10.2865,11.039,10.6297,10.6325,10.6703,12.6282,9.314,10.1682,8.7215,9.7956,9.2685,10.0024,10.1473,11.8286,8.2023,11.9198,12.952,9.5285,11.369,11.298,7.9301,12.5036,11.2419,7.6678,10.7374,9.1222,9.5009,10.4873,8.3787,10.3368,9.8321,10.6213,11.0892,10.5651,9.4082,10.8017,9.1431,9.8264,10.6625,11.0646,9.7749,10.6114,15.1838,10.6834,10.2693,10.7993,9.8294,14.0006,10.0112,10.8242
"CNIH2",6.8452,6.2891,3.1313,1.6804,3.6508,4.0752,6.48,4.2413,3.799,4.2425,4.0984,10.1855,6.0169,4.5228,3.2411,2.3917,4.5669,4.2617,3.1581,3.6168,2.122,2.8568,6.7021,4.6233,2.6074,3.189,3.416,4.3681,2.0677,4.7643,4.4721,3.7785,4.2855,2.1783,7.0263,3.4929,2.9267,1.7624,4.4938,4.0569,2.5965,4.4201,2.1256,3.955,4.2663,7.1179,4.3561,4.5953,2.1732,2.3863,5.7791,3.9555,5.0164,4.0817,3.8856,1.9161,3.1873,2.7188,4.7586,4.4408,4.2512,6.8767,4.8598,3.7803,1.6452,3.2441,3.3925,6.1723,2.7795,4.7065,3.4223,7.9348,3.5048,2.2124,3.4006,2.8089,5.9569,3.3512,5.415
"NCAPH",8.3783,6.8706,5.2181,4.1771,4.8453,8.0016,7.1723,8.6695,6.593,6.4568,4.0984,4.7462,8.5494,8.3525,6.3349,4.9417,4.4433,9.1427,4.9024,5.7053,3.957,5.4511,6.9908,4.9062,3.6528,6.7854,7.2014,5.6765,5.4229,6.8923,6.5014,6.7446,5.5903,4.6323,6.8242,5.8902,5.6675,5.9122,6.1408,9.0035,5.4564,3.6479,5.4359,4.3984,4.5382,8.4391,5.9414,3.8535,4.0701,6.3291,8.4041,5.4293,8.4399,7.8107,7.6824,4.1784,4.3977,4.2589,5.4086,7.1827,8.936,8.0382,7.4028,5.8774,6.9755,5.7876,7.4971,10.0587,5.831,5.582,7.1764,8.2198,6.4363,6.2728,6.2488,3.2004,8.7207,4.3981,6.3834
"CCNE2",6.6358,8.1061,4.8212,6.1093,4.9702,6.2695,5.7732,7.5924,5.5722,8.2257,4.4922,3.7821,5.9252,6.666,4.0909,5.1355,3.4261,8.791,3.7196,6.0012,2.72,3.4795,6.1448,4.4382,2.7182,7.2634,5.313,5.0463,4.214,6.8162,5.4131,5.3824,5.2526,4.2196,7.3953,4.8071,4.1647,2.3766,6.743,5.3474,4.6279,2.6608,4.0753,3.3164,3.8822,6.4222,6.9533,4.0687,4.2801,5.2723,9.2281,5.7735,6.8285,8.8924,4.1751,3.5482,3.8595,3.7311,4.2307,7.9739,5.6415,6.8777,6.5409,5.248,5.7025,4.1658,4.7502,8.4095,4.3929,6.5409,6.0574,7.0789,6.613,4.2645,4.3425,3.8818,7.0735,5.3036,6.2767
"NPW",2.3422,2.3266,2.6263,1.0721,0,4.9844,0,0,0.4222,1.0844,3.5549,7.5549,1.6842,2.028,1.1427,0,1.8458,6.8523,0.5522,0.9553,2.72,0,2.3422,1.3366,0,0,1.8825,2.1336,1.7631,1.0049,1.5493,1.1842,0,0,4.4019,0.6228,0,0,0.8703,1.5877,0.5896,0,2.2763,2.1204,0,0,0,0.8053,1.2119,0.5556,4.0134,0,0.6915,1.5233,0.9401,0.5482,1.5512,0,1.7527,3.0703,0.4865,1.0917,0,0.541,0,1.4302,2.6282,0.517,0,0.5595,1.66,2.5785,1.1338,0,0.5636,0.6286,6.3042,0.8772,0
"PAQR6",6.6249,5.3155,5.8879,9.3105,5.0096,7.4015,7.6149,5.6769,5.7284,5.2471,5.0556,5.4014,6.219,6.7112,4.8267,4.9129,7.0375,5.176,5.361,3.7232,4.8551,3.99,8.3152,5.046,3.4839,6.3052,7.4611,6.9814,4.2447,5.0095,5.5019,6.8115,6.3153,3.295,10.2711,3.1857,6.1906,4.4552,3.2143,7.629,5.6282,2.1856,8.2603,3.4653,4.6407,5.2604,3.3791,6.1246,5.0648,3.1678,5.4811,4.9082,4.9024,5.0589,6.9447,2.4914,4.1378,4.062,6.7181,5.6175,6.2475,5.9562,6.6715,4.9127,2.394,4.9777,6.149,5.33,6.0931,4.9021,5.1523,4.5471,3.0297,4.9595,7.3826,3.4371,5.2907,3.0928,7.7387
"BUB1B",8.3884,7.6577,5.9496,5.8236,5.5263,9.5704,7.7592,9.1092,6.4821,7.9861,3.5549,5.7191,9.3209,7.2322,6.6503,5.0775,4.755,9.6025,7.0899,6.5026,2.122,6.1373,6.9753,6.7923,4.7759,7.6439,7.8697,6.3512,5.5012,8.0387,5.7021,7.7361,5.4137,5.2488,7.7592,5.9418,6.8012,3.7615,6.9361,8.9864,6.6931,3.9257,7.8629,4.149,6.1059,7.9341,7.3845,5.1298,6.5576,8.151,9.5108,6.6183,8.9246,8.9981,6.7611,5.4382,5.1645,4.764,6.0798,8.2967,9.6322,7.5381,6.7968,6.9653,6.9072,5.8735,7.871,9.0041,6.8198,6.4545,8.2148,8.4594,6.5736,6.2034,7.3825,5.1681,9.231,5.6546,7.5222
"PALM3",3.796,0.5323,0,0.6335,1.1084,0.6121,2.5253,0.5339,1.0143,0,0,5.4907,2.756,0,2.4407,2.8213,0.7212,1.1454,0.9505,0,0,1.5466,1.8929,0,0,0.7001,2.0788,1.2358,1.1356,4.7373,0,0,0.9449,1.2156,7.5932,0,1.4859,0,1.4094,1.381,0,1.4723,1.5471,0,4.7669,1.4629,0,1.319,0,0,2.0423,0,0.6915,1.9304,3.642,0,1.7298,0.7638,1.1276,2.5384,1.1394,1.7059,0,1.2418,0,0,2.4111,0,1.3586,0,2.6781,5.8932,2.3165,0,0.5636,1.0651,5.2254,0.8772,2.138
"HIST1H2BJ",5.2851,5.9573,3.8008,1.9093,0,4.9601,2.0605,6.405,2.6087,2.9492,3.5549,2.3902,5.204,5.1946,3.9157,3.9601,4.4857,5.8871,4.6579,2.2497,0.6405,1.5466,3.1924,4.0229,3.2926,2.0437,4.7439,5.1521,3.5078,3.916,3.6508,1.1842,3.2212,2.9282,4.2921,3.4929,5.6845,3.9407,2.1085,3.4631,3.3343,3.6479,7.5614,3.1396,7.5458,5.2931,3.2828,3.3176,4.2801,6.6989,6.9999,1.9645,2.0269,5.5948,2.4838,3.2206,3.5142,2.1666,4.1367,4.5587,3.0387,2.3101,3.371,4.3937,2.8844,2.6052,3.8895,3.2,3.7976,1.9421,5.6006,5.7338,2.9576,4.0051,2.5311,4.1197,6.8236,2.59,0.8878
"PIF1",8.2034,5.3941,5.1671,3.0297,2.9885,5.9857,4.9844,6.903,3.1953,4.0607,3.5549,4.3693,6.1306,5.5051,4.1948,3.1519,3.87,8.0838,4.0344,3.5019,2.946,4.1931,6.7932,5.7034,3.5424,4.4338,5.8026,3.7944,2.9605,7.0209,4.2709,5.6616,3.597,3.3584,6.5055,4.4631,4.8081,2.375,4.8241,7.3738,3.5361,2.8502,5.0106,3.8473,2.7444,5.3408,4.4915,2.6399,2.0256,5.1025,7.8457,4.3124,7.2154,5.974,5.7254,2.9016,2.3916,3.5628,3.3056,5.6391,6.5239,6.4795,5.331,5.4519,4.5229,3.2441,5.0799,6.8591,3.9874,2.5205,5.648,7.3306,2.8016,3.9577,5.8787,4.2905,8.5905,3.8469,4.774
"ARTN",5.1538,4.1301,3.1313,2.7033,3.5115,4.6916,2.5253,5.2544,2.0214,2.5951,4.0984,5.8309,4.4758,4.4079,3.0439,1.1464,4.0502,5.8113,3.0807,0.9553,1.6939,1.9567,5.0093,4.4326,3.4839,4.5537,3.7968,5.922,2.0677,5.8551,2.953,4.0239,1.9166,2.435,5.1005,2.9028,2.0006,1.1351,2.9307,5.642,3.6565,0,3.7019,4.4728,4.3892,5.6493,1.5922,3.3176,2.8365,2.2505,6.3979,2.4206,4.2354,3.4994,4.1696,3.5964,3.4646,0,5.5245,5.2618,4.4758,5.1951,3.6106,1.7115,2.7387,6.422,6.5051,4.8372,3.9514,0.5595,3.4223,4.1012,2.8817,1.3548,3.3337,1.0651,4.557,1.4188,1.8282
"TMSB15A",7.652,6.1235,3.5045,3.6527,2.7613,6.0901,2.2326,3.7105,2.8991,4.7427,4.0984,2.5882,4.5042,4.9701,4.5073,3.6472,0,3.9584,3.6076,3.5019,1.9238,1.7662,3.7237,2.8283,2.4934,3.6139,3.7968,3.7944,1.9235,6.267,1.5493,3.4826,2.2328,0.5269,6.7842,3.1857,3.633,1.1351,4.2644,4.9766,3.1822,1.4723,2.8574,1.0814,4.883,4.4357,1.8824,1.319,2.4297,4.5577,0.9193,5.6116,5.5203,5.9192,2.9801,0.5482,1.5512,2.9317,3.7487,3.7234,2.9665,5.2604,4.8598,1.7115,1.9401,4.1658,3.5065,5.8767,3.2036,3.6288,2.551,5.8315,3.6942,3.7507,1.2833,4.0737,4.2305,3.0928,3.9501
"YJEFN3",7.102,6.9717,5.7918,6.1776,5.3325,5.8982,5.4429,7.6249,5.0616,4.3113,3.5549,6.1251,6.2537,7.3704,5.255,4.9528,7.3803,6.3761,5.9774,4.2765,5.0287,4.3265,9.1797,6.4942,2.3474,5.6031,6.1541,6.6546,5.9987,8.4389,5.5845,6.5484,3.6806,4.3553,8.3919,5.3174,2.8362,5.9781,3.8992,6.1779,5.3618,2.5184,6.2471,4.4728,4.9624,5.0632,2.6812,6.2767,5.9525,3.378,4.6774,4.4831,5.0377,7.6176,6.8991,4.2663,5.5167,5.4435,6.4669,6.234,5.5331,5.0675,5.3804,4.7505,0,5.6844,6.1858,8.1989,6.9147,3.0606,5.574,6.8114,4.4766,4.1586,8.1876,4.3923,6.8771,5.6179,7.7536
"CDCA8",8.4805,8.521,6.7073,5.4412,5.0605,9.5146,7.3464,8.9885,7.1298,8.1998,6.4433,6.5177,9.8793,8.7577,6.8346,5.2017,4.8845,10.0635,6.1294,7.0391,4.4749,5.8378,8.3213,6.3948,5.6859,7.7414,8.6851,6.7737,5.0056,8.2216,6.8535,8.0394,5.6447,5.5496,8.8441,6.2488,7.1072,4.049,7.6775,10.4546,5.9443,5.1176,7.779,3.4653,6.4538,9.2644,7.2682,5.8533,5.5159,7.611,9.7189,7.379,9.3616,9.4094,7.9171,5.2118,5.2795,5.3123,6.872,7.9311,9.8271,8.9572,7.8971,6.8538,7.6152,6.0683,8.1023,9.1504,7.3093,6.8117,8.0765,8.6679,6.6051,6.4025,7.4193,5.2112,8.6847,5.8346,7.1599
"KCNAB3",7.8346,5.1621,1.8429,1.9093,2.1597,2.652,1.3705,3.6603,2.8318,1.6965,4.0984,8.4702,4.0047,1.6775,3.0439,2.2144,4.7168,2.8198,2.9122,1.743,2.5921,4.4991,3.392,1.3366,1.5122,4.832,2.5452,3.6461,1.7631,5.817,1.5493,2.7496,1.9166,1.6798,7.5874,0.6228,2.9267,0,0.8703,1.1397,1.8172,1.8726,2.1256,1.0814,1.7139,4.4647,1.8824,4.353,2.8365,1.5257,1.8772,2.4206,2.838,2.6217,0.5453,0.9446,2.5897,2.7933,5.3042,2.7906,2.8905,2.3101,3.0835,2.5862,1.2742,2.9597,0.8982,3.0579,3.4299,2.2601,4.0109,2.4747,1.921,2.3656,2.6457,2.0966,3.9762,2.3741,3.6898
"DZIP1",9.5602,8.7621,7.5491,6.4315,4.6538,5.8989,6.9743,3.806,10.619,7.5684,5.4598,7.7595,7.4027,8.939,6.6207,6.7763,8.3422,8.8071,7.9467,4.9344,3.5383,9.3982,9.3252,7.1891,5.2321,5.8383,6.9612,6.4213,9.8226,7.5163,6.353,8.4807,7.6364,6.3132,8.6422,5.5319,8.9403,4.4552,5.1246,6.4469,7.6264,5.7847,9.3522,6.9702,7.7314,7.1042,7.1088,7.2193,7.3901,4.6416,7.8587,6.575,3.5934,6.371,7.8582,4.5065,7.7957,5.3491,5.9956,6.7238,7.3837,8.8692,5.2624,6.6918,6.1399,6.882,8.1203,9.4732,8.5168,6.5597,5.0144,9.9579,7.6065,6.4201,6.3953,7.5889,8.6423,7.281,7.5938
"MEX3A",7.3797,5.6463,5.2674,5.327,3.7779,5.5045,4.8321,5.0934,6.6816,2.9492,4.8012,9.2895,7.0641,7.1289,7.1893,2.9401,5.4316,8.3773,2.9122,2.8285,4.8551,5.8134,8.18,4.9062,2.7131,5.2423,6.1579,5.5776,5.9739,8.4465,4.9479,5.6061,4.8456,3.8742,7.1729,5.8503,5.2102,2.8036,5.2264,5.9721,7.036,4.4787,5.8744,4.237,2.4753,7.1495,3.7827,5.4466,4.3124,4.1246,7.1064,4.0845,6.5714,5.7907,6.9447,4.023,4.0731,4.6281,6.3915,3.2493,6.3923,7.3666,4.5503,3.8729,4.431,3.4815,6.8348,5.6966,5.9082,4.136,5.7236,6.9406,4.7484,4.0955,7.2023,4.0261,8.3083,3.3512,6.8765
"TRIM7",8.581,6.5789,4.1552,6.1274,4.8453,5.0777,5.0549,2.3307,4.5083,6.6382,5.7751,7.3105,6.4337,6.9142,5.2187,5.1032,5.3422,3.8413,7.0547,2.6239,3.8493,4.4991,7.6076,5.4996,3.8966,3.7541,5.4235,6.3749,6.6259,9.0083,4.3411,5.6974,3.982,5.5631,8.7718,4.6297,4.3793,5.0314,4.0647,5.721,7.0798,4.2952,7.103,4.611,7.875,5.8047,3.8514,5.3962,7.1571,4.5287,8.1267,7.1177,5.9226,7.067,5.6873,3.8017,4.5718,3.058,7.5242,5.6709,6.5426,6.0454,4.1556,6.2407,2.394,5.5473,4.8399,5.5973,8.1525,3.5725,5.5009,3.3967,4.9477,2.7466,5.5946,6.2652,8.3625,5.5031,3.5915
"CAMK2N2",8.3694,7.7614,6.6151,7.0406,5.3737,8.8348,7.7199,8.08,6.3739,5.8755,6.253,8.9513,9.1263,6.2764,5.6589,6.0024,6.7809,5.2236,7.0848,5.8414,3.047,8.9464,7.1371,6.3002,8.5849,5.0652,7.6582,7.1214,5.1746,8.1696,8.6081,7.9679,7.3721,4.6065,9.4133,5.0141,8.0506,3.8237,3.2143,5.847,4.0573,6,8.7356,6.7114,7.7995,6.4731,4.9647,7.1526,4.5471,8.2391,7.8203,6.8171,5.752,6.5295,7.1959,3.6505,6.6964,5.123,7.2318,7.8934,8.7683,9.0904,8.006,5.3906,5.6007,7.8011,8.6718,6.652,6.5316,4.6258,7.3198,8.7013,7.1811,7.3395,5.7045,6.2754,4.6092,3.6685,6.6631
"C1QTNF2",6.0173,6.4815,4.6769,1.9093,4.1031,4.9102,4.2853,3.7105,5.3617,5.8336,5.9102,3.1232,5.8826,5.2456,4.1627,3.3366,3.6639,7.519,3.9928,4.3398,1.6939,4.6447,8.6435,5.3184,2.8115,5.2423,5.4415,4.0518,4.7082,4.2947,3.5357,5.1437,5.2125,3.9987,6.5774,4.8883,5.6845,2.9222,4.9454,6.7932,2.1807,5.5589,4.6998,0,5.0412,7.4756,4.0977,3.0832,3.0806,5.1025,6.5565,5.0413,4.9024,6.4544,1.2497,3.8943,3.4646,3.2288,3.8706,2.4435,5.3609,6.3354,5.2624,3.5753,4.7299,4.0227,5.0799,7.3758,5.0129,4.6258,5.2781,8.3538,4.8907,2.041,3.0304,5.3529,3.8517,4.8387,4.4201
"POLE2",6.6543,6.2808,4.8159,4.8907,1.1084,3.9327,5.2678,6.5908,5.5197,5.3298,4.0984,5.0107,6.3264,5.8622,3.9907,2.2144,4.159,7.4998,3.6076,4.8192,3.1414,2.1251,6.7021,4.089,2.4934,6.5652,5.9972,4.5873,5.0056,4.5012,3.1222,6.2731,4.064,3.8742,6.901,3.6868,4.6788,1.9967,6.0171,6.4469,3.472,2.1856,4.9219,2.45,3.984,5.8383,5.1398,2.2442,3.9108,4.2003,7.6894,6.4124,5.3782,8.1665,4.6104,4.3517,3.0595,4.0918,4.5914,7.138,5.7529,7.7844,6.0536,5.6215,6.2107,3.8639,6.3303,6.4392,4.5894,4.0144,3.6253,6.3022,5.6314,2.5041,5.6088,3.6403,7.1704,4.8803,4.8182
"DNASE1L2",5.31,6.3691,6.634,4.9173,3.7779,5.7928,6.6415,5.7863,4.3964,4.5491,2.6727,9.9505,5.6092,5.5328,2.8155,3.8429,7.1538,3.9011,4.3303,3.7736,4.151,3.4068,3.1924,6.5555,1.9179,6.1102,5.1455,5.9696,4.0147,6.4526,3.4106,5.8484,3.982,2.548,8.3973,2.2568,4.7123,4.1975,3.9915,4.6245,4.7946,2.4427,4.7777,5.0603,4.1782,4.8191,3.9798,5.2338,5.769,1.9332,3.3091,5.9866,6.4849,6.5656,5.9564,2.2322,5.6338,4.2589,6.6259,5.1,4.7582,5.2815,6.1705,3.7803,1.6452,4.0227,6.1134,5.7668,6.4945,3.4527,4.7793,2.9318,2.9576,4.0051,6.969,3.508,3.5652,4.1486,6.0174
"CELSR3",5.7885,6.5449,5.0022,5.9495,3.6508,7.6981,7.1466,6.6501,5.1431,5.5002,5.0556,8.2152,8.1627,8.1931,7.1489,5.0514,4.7862,6.8189,5.7212,4.5567,7.6228,6.7075,9.3524,6.573,8.9771,7.2378,8.0981,5.618,5.5139,5.3494,6.8535,5.9851,5.3497,3.9584,7.9471,4.2748,5.5797,5.9122,3.6546,5.9995,7.139,3.7466,10.1745,6.4603,5.844,6.2161,3.7105,5.8718,5.488,4.8904,5.9448,5.3287,7.7896,6.796,6.6242,3.1472,4.0731,5.7372,8.2719,6.7734,6.7395,7.0894,5.1904,4.2631,5.3727,4.1658,7.0847,7.2589,6.7038,2.1098,7.6143,5.9329,4.3581,8.0251,6.0446,3.7614,8.4805,4.7062,6.3386
"MAPK12",8.256,8.525,4.7072,6.5567,4.4058,4.4468,5.5809,5.2997,8.1613,6.1568,4.8012,11.9952,8.7569,6.8139,5.3723,7.1346,5.9862,6.7987,6.4258,4.6598,6.3429,7.3526,5.181,5.3079,5.0839,5.155,5.8445,6.3905,7.5582,8.3644,7.8492,5.3861,5.6197,6.8859,9.7057,7.3968,5.1646,4.4701,5.8668,5.2318,4.8242,5.7375,7.8318,5.0704,6.7752,9.3573,4.5444,7.0042,4.8967,5.6409,8.8018,5.2917,4.0662,5.5269,8.3367,6.398,6.8759,5.3609,5.6713,8.0839,4.7841,7.3316,4.3293,5.7963,5.6291,5.2677,4.8896,7.3806,7.5367,5.0404,4.3599,7.9174,5.1941,4.3514,5.8199,6.8507,8.8318,5.0477,4.85
"XDH",0,0.5323,0,0,0,1.6389,0,5.9415,0.4222,0,0,0,4.9591,0,0,0,0.7212,0,0,0,1.0825,0,2.3422,0,3.072,0,1.053,0.7464,0,0,0,2.447,0,0,2.6831,0,2.2023,0,0,0.8498,0,0,1.7667,0,0,0.5253,0,0,0,2.6248,9.1526,0,0,0,0,0,0.471,0,0,0,3.6585,0.6467,1.5206,0.541,0,0,0,0,0,0,3.0037,0.5002,0.845,0,1.2833,0,2.8214,0,0
"ASB17",0,0.5323,0,0,0,0,0,0,0,0,0,4.3145,5.8497,5.6511,1.1427,0,0,0,0,0,0,0,0,0.8179,0,0,0,0,0,0,0,0,0,0.5269,0,0,0,0,0,0,0,0,0,2.45,0,3.1546,0,0,0,0,0,0,6.4345,0,0,0,0,0,0,0,0,2.1354,0,0,0,0,6.5981,3.3294,2.4065,0.9616,0,0,0,0.6033,0,0,0,0,1.4333
"CCNA2",10.0089,8.617,7.6846,6.4163,7.1143,10.3969,8.4922,9.4996,7.1803,9.6148,6.7206,5.8803,9.7519,10.0869,7.8054,6.3445,5.9032,11.4921,7.9567,8.0796,4.2071,5.8697,9.0511,7.4945,5.5296,7.9157,9.1722,8.3833,5.8572,8.2613,8.0197,8.5875,6.5112,6.092,9.2938,6.9327,8.4261,4.5348,7.3012,10.0205,7.4245,6.062,9.1944,5.7202,7.3038,9.2689,7.4222,7.475,6.5514,8.8992,9.1196,7.8199,8.7395,10.7132,8.4633,5.2507,6.2545,5.7075,6.3362,8.8713,9.5397,9.3828,8.663,8.2126,8.6291,6.6901,8.2135,10.5271,8.1409,8.2543,9.0279,8.9013,7.8513,7.5556,7.659,5.7276,9.7752,6.0831,8.9874
"SKA3",8.5003,7.4639,5.7228,4.8907,5.1096,7.7418,5.6932,7.0602,5.3134,7.027,5.6261,5.2342,8.1884,7.4098,5.7603,4.7271,3.1348,8.2376,5.1115,5.6392,3.047,5.3187,7.2961,5.046,4.568,6.8807,7.5608,4.1096,4.3613,6.8452,5.7545,6.6296,3.8023,4.1514,7.7053,5.1526,6.2027,2.375,6.3456,7.373,6.047,4.2952,5.6995,1.6925,4.3506,6.5696,5.988,3.696,3.8686,7.3126,7.7247,7.6002,7.3246,8.3536,5.1303,4.3187,4.1694,4.2064,5.2383,5.8771,7.5729,6.3764,6.5033,5.7853,6.1253,4.1658,6.7563,8.6457,6.1422,5.9688,7.0946,7.5123,6.0857,5.0758,7.2544,3.6409,8.5483,5.3042,6.7694
"ITGA2B",5.4284,2.8574,2.2872,1.0721,2.4917,2.7685,4.536,2.1962,1.8952,1.6965,0,4.9757,2.0353,3.5303,0.4881,2.3917,3.5881,4.1675,2.0921,0.9553,3.1414,2.1251,3.1924,2.0183,1.9179,3.8818,1.8825,3.1909,2.1989,4.7373,5.6751,1.8256,0.9449,0.5269,4.2921,5.6784,2.3791,2.5324,2.1085,3.5147,2.333,0,5.0319,2.1204,0.6509,3.1546,0.7413,2.2442,2.0256,1.7438,3.5477,0,2.2296,3.238,5.34,3.2206,2.0318,0.7638,1.7527,1.0772,0.4865,1.9366,1.5206,0,2.394,4.0227,0,3.6597,3.0756,1.2758,1.3896,5.653,1.1338,1.3548,4.3645,1.3997,6.2144,1.4188,1.4333
"CPA2",1.8929,0.9203,0,0.6335,0,0.6121,4.2853,5.6385,0,1.0844,2.6727,2.1606,0,1.6775,0,0.6842,0,4.2154,0,0.9553,1.4204,0,2.9606,1.3366,1.7292,0.7001,0,0,0,0,0,0.7103,0,0.5269,2.0351,0,1.138,0,0,0,0,0,0,2.1204,0,9.497,0,0,0.5249,0,0,0,2.0269,0,1.721,0,0,0,1.9864,0.799,0,1.7059,0,0.541,0,0,1.4476,0,0,0,1.8876,3.3967,0,2.8541,0.9679,0,0.9006,0.8772,0
"SLC10A4",2.3422,4.8636,3.9289,1.9093,2.7613,2.3863,1.0406,2.8619,4.7278,0.6418,0,5.9881,2.3174,1.2137,3.8767,2.0122,3.4235,3.2456,1.2623,1.525,1.9238,1.5466,2.3422,3.5458,2.0846,2.7272,1.053,1.8916,1.5827,2.1775,1.5493,4.0239,3.4823,0.9119,6.4681,1.0564,2.3791,3.2287,0,1.5877,2.1807,0,1.9572,2.7182,2.3193,5.8819,2.1238,1.6972,1.6753,2.6248,3.9731,3.2792,3.3541,1.5233,0.9401,0.5482,1.8887,0.4318,0,0.4542,2.6352,2.3101,2.2444,0.9336,0,2.6052,2.4111,8.1017,2.0457,2.3961,0,2.1095,1.1338,1.0274,2.1197,2.4247,0.9006,0,1.8282
"C16orf74",6.1881,5.4094,2.2872,3.9386,2.7613,3.1584,5.2071,2.7702,4.3,3.4705,3.5549,5.2192,4.0047,3.3554,1.1427,1.1464,3.87,3.7138,1.7361,2.6239,2.2963,2.6515,4.6681,2.4794,2.8115,4.1077,3.8515,2.5219,2.9605,4.2572,4.7031,2.9995,4.5926,2.3123,6.2058,4.6297,3.0363,1.4826,1.8009,4.1248,3.0121,3.0177,4.7522,1.0814,2.4753,5.0277,2.5114,0.8053,2.7451,3.0085,7.7354,3.4802,0.6915,3.0871,1.2497,1.9161,1.7298,1.4566,1.4738,4.5359,4.5762,5.1498,4.2995,2.5862,2.394,3.8639,3.1332,2.6258,1.7427,1.2758,1.66,6.9309,2.8817,0.6033,4.868,4.0261,5.9868,1.8117,0.8878
"HELLS",8.581,8.1333,5.6107,5.4412,4.5922,6.5138,6.2389,7.1504,7.3412,6.2705,5.4598,6.443,8.4488,7.79,6.1345,3.9027,7.6633,8.6032,6.7267,5.0615,3.5383,7.6566,8.0677,5.9547,4.1434,7.145,6.6955,6.7098,6.4127,5.804,4.5334,7.1839,5.7226,4.8899,7.4851,4.2748,6.0925,4.6396,5.4883,9.3,5.1833,3.3035,7.1131,2.45,7.0582,8.6883,6.1873,5.7569,5.9126,5.8186,8.8355,6.7602,7.8365,7.5899,6.7796,3.9813,5.918,4.1497,5.1443,8.6298,8.4137,7.7045,6.6977,5.0966,6.6483,4.4154,8.1731,8.5661,5.8988,4.6258,6.4585,6.4801,5.5723,5.0972,5.6506,4.795,9.2058,4.0789,6.2924
"CNTN5",0,0,0,0,0,3.1584,0,1.2287,0,1.6965,0,5.5865,1.4704,6.26,0,0,0,7.0826,0,0,0,0,3.392,0,0.549,0,0.6205,0,0,0.5882,0,0,0,0,0.8275,0,0,0,0,0,0,0,0,0,0.6509,6.7452,0,0,0,0,0,0,0,1.2665,0,0,0,0,0.6713,0,2.073,1.9366,1.5206,0,0.7734,0,0,0.517,1.7427,0,0,0,0,0.6033,1.9516,0,0,0,0.8878
"LRFN4",8.1833,7.061,7.6913,7.6319,7.3371,6.8996,2.0605,7.5178,8.9522,7.6592,7.3895,9.4869,8.8021,8.6825,9.3164,8.6644,7.1472,8.1622,6.3098,6.4259,9.8346,7.7529,7.8643,6.4335,5.1777,6.5168,8.9289,4.7044,5.1585,8.1569,8.0392,6.0966,7.6431,8.4259,9.3599,8.1411,7.8513,7.1083,5.8197,8.3989,4.5982,6.4875,8.0825,8.2023,7.2861,10.4078,6.2395,7.2479,5.9334,5.4357,9.6413,6.9415,9.0192,7.0619,8.9733,8.1089,6.6135,6.6251,5.1199,9.057,10.7138,7.3616,6.9144,8.5786,7.6765,6.9429,10.3124,7.3301,7.3855,6.9002,7.6613,7.431,5.498,6.1516,9.6733,7.0332,10.1127,4.96,6.2608
"DNAH10",2.1349,6.1509,1.8429,2.9289,2.4917,6.3829,2.8763,2.0478,2.3448,4.8586,0,0.4706,3.4832,2.7478,4.287,2.0122,2.47,4.94,1.2623,0.9553,1.9238,1.5466,1.8929,4.1523,1.7292,2.5842,2.6722,2.6828,1.3764,2.3298,4.7031,2.447,2.4919,3.4774,6.8043,2.0839,4.1051,3.1336,2.1085,3.0392,1.3302,1.4723,4.8988,0,2.4753,2.3082,3.5543,3.9955,2.3072,4.8904,1.6906,1.2936,1.5085,2.0977,3.4123,2.711,2.5897,2.7188,3.6156,2.7906,5.7742,3.7488,2.2444,0.9336,3.138,0,2.6282,2.6258,3.7141,4.0966,5.1078,7.9299,1.921,2.8541,0.9679,3.2004,3.7156,3.0928,2.138
"CCDC83",0,1.4776,0,0,0,0,2.5253,5.2878,0,0,0,0,0.9149,0.9103,0,0,0,0,0,0,0,0.5659,0,0,0,0,0,0.7464,0,2.4674,0,0,0,0,1.35,0,0.6783,0.6764,0,5.9157,0,0,5.0319,0,0.6509,6.8965,0,0,0,0,0,0,0,0,4.3752,0,0.471,0,3.1214,0.4542,0,2.6066,0,0,0,0,4.7031,1.4458,0,0,0,0,0,0,0.9679,0,1.2019,0,0
"MND1",8.1249,7.1679,6.8435,7.4346,5.5263,8.5311,5.7928,6.8757,5.263,8.7336,6.0338,3.9685,6.5473,7.9344,5.2187,5.6827,3.5881,8.8656,5.7212,7.4604,4.5797,4.5883,5.9237,7.5,8.4952,8.2799,7.092,6.327,4.5936,6.2858,5.9914,8.1372,5.7476,4.2863,8.601,4.498,8.7164,2.375,7.2373,8.2106,5.1427,7.717,7.3094,2.45,5.7247,7.0949,6.9296,6.5383,6.3373,7.9273,7.0346,7.4526,7.2449,8.2242,6.7117,4.868,5.6671,2.7188,5.3677,7.0839,6.8738,7.6688,7.3039,5.5392,8.4629,7.8229,7.0381,7.2425,6.2044,8.1513,6.5277,5.9523,7.1369,9.1351,7.7809,4.4432,7.3688,5.7247,6.8554
"TPTE",0,4.4406,1.8429,1.0721,0,0.7947,0,0.666,0,0.7753,0,0,2.0631,0.6402,1.4894,0.9921,0,3.4191,0,2.0351,0,1.2874,0,5.2194,0,0,0,4.8471,3.6973,0,0,0,0,1.0411,2.0432,0,0,1.4702,0,0,0,0,0.9717,0,0,4.1801,0.9613,0,0,0,0,0,0,0.6652,4.43,0.5482,0.8256,0.5362,0.8854,0,6.9876,3.7488,1.5206,0.541,0.9899,0,3.3925,1.7494,1.3804,1.2758,3.2852,0,0,0,0.9679,0,0.6528,0,0
"CXCR7",8.0119,10.0678,8.8341,9.3873,9.411,7.947,9.8769,11.9602,9.7772,7.2452,7.522,7.9305,9.648,12.9592,9.3054,5.9608,9.206,10.301,7.971,7.0545,6.0769,7.7625,7.0363,7.65,8.1981,9.1034,8.3157,6.1593,6.857,11.1863,9.9533,7.9825,6.6701,6.6839,7.661,7.6416,9.5615,7.2736,9.0138,9.1944,11.6581,6.8842,7.943,8.0343,6.7343,9.1685,8.4273,7.7667,8.4231,7.5436,10.7594,7.8292,6.6705,7.6039,10.9228,6.8304,8.8699,6.9764,9.823,9.3822,8.8508,9.6008,9.8049,8.069,9.6344,8.9735,9.2005,10.3559,9.0994,6.1425,7.6497,10.708,7.6472,8.4742,9.5582,5.4995,10.4674,7.0757,6.3537
"COL11A2",3.6477,3.2446,3.1313,2.1069,0,4.536,2.2326,6.688,3.8678,3.3168,2.6727,6.3909,4.6385,3.2921,3.6175,3.5002,7.1863,5.0758,2.9122,1.525,2.8374,3.99,6.3165,4.7514,3.072,4.8,5.687,3.6461,2.7195,5.8923,3.1222,4.9495,3.2212,2.0304,6.3221,3.2688,4.6788,0.6764,2.5774,3.3541,2.333,2.1856,5.988,2.9442,1.7139,5.3563,0,2.8033,2.4297,2.5105,2.6661,3.0456,1.7908,3.4994,5.1099,2.711,2.5897,3.7615,4.2307,3.552,1.5873,3.483,3.0835,4.6241,2.5766,1.4302,4.7031,3.4481,2.605,2.1098,3.8581,3.8341,2.7167,2.041,4.3645,3.9769,7.0669,2.7777,1.4333
"CDCA5",9.3418,9.1041,7.0548,6.5822,5.2031,9.9869,9.1134,9.9608,7.5255,9.2083,5.7751,6.6287,9.7976,9.1063,7.6197,6.2753,4.8525,10.7485,6.7518,7.1529,6.1468,6.0618,9.1258,6.52,6.8387,8.4975,9.1179,7.2296,5.9178,8.6608,8.5974,7.8173,6.1745,6.5064,8.569,7.1922,7.0561,5.0832,7.543,10.5937,6.9205,5.6122,7.2918,4.5436,6.6303,9.0251,7.6571,6.5499,5.8259,8.032,9.9767,7.3015,9.3603,8.9108,8.9507,6.3395,6.0416,6.2811,6.766,8.6392,9.6045,9.9762,8.2993,7.2827,8.2741,6.3338,9.2402,10.2819,7.9687,7.267,8.105,9.7032,7.5797,6.7543,8.6734,5.5339,10.3525,6.404,7.502
"GPR3",6.8621,7.1177,5.1142,5.8932,4.7243,7.6721,5.3635,6.4793,6.6527,3.7362,5.9102,5.3477,6.7209,5.8402,5.832,6.1329,5.7249,6.3071,5.1499,4.1994,3.6708,4.6168,6.3165,4.9424,4.8239,5.4626,6.7325,4.7775,3.0326,6.4935,6.5014,5.0908,2.2328,5.1448,7.6331,4.3145,7.2277,2.5324,6.6492,7.1354,4.9202,5.6887,6.2009,4.9078,4.6073,7.2978,4.308,5.1451,4.8179,7.0401,6.7952,6.3624,6.5899,5.8622,4.9039,4.2148,5.3219,5.0182,6.0865,7.1605,9.4048,12.6386,6.313,5.0577,7.5347,5.1251,5.3784,6.9168,4.9775,3.9272,6.4761,6.8759,3.0984,5.3384,4.9815,3.8184,7.3913,3.8469,4.9026
"SHB",9.1381,6.6953,5.3151,6.921,5.3737,7.2191,7.7871,9.2821,4.8519,5.7155,6.0338,8.8023,6.0169,9.8944,7.1032,5.9325,5.6336,9.8974,4.6036,5.8879,8.9383,6.4345,6.3408,6.0739,6.5126,6.0839,8.1261,5.751,4.7516,9.2301,10.0973,6.0419,7.3146,7.258,5.4717,6.9554,6.0008,8.3049,7.4018,7.7387,8.8933,6.4875,6.4191,8.3378,4.9377,8.6383,6.8975,6.4424,4.1789,6.4347,10.3292,5.7347,7.4818,5.8853,9.5017,5.4744,5.5411,6.5247,6.1719,8.3248,8.5418,9.4255,7.1027,9.0724,6.6277,5.9146,7.7554,8.7362,6.6203,7.0418,7.1925,9.0104,6.7929,5.4794,10.4955,7.1037,8.6321,5.8967,6.0912
"HES7",2.3422,1.8787,0,0.6335,1.7277,2.5253,1.3705,1.4809,2.526,1.4227,0,5.503,4.2257,0,1.7722,3.1519,2.2903,1.1454,1.2623,0.5553,0,1.2874,2.6842,0.8179,1.2566,0,1.053,1.6007,1.3764,4.4356,2.2791,1.8256,2.2328,0.9119,6.4167,0,1.4859,0,0,0.4866,1.0069,0,3.4714,0,3.8761,1.2126,0,2.6399,1.2119,0.5556,1.4763,1.9645,1.5085,1.5233,1.2497,1.2552,0.471,0,2.1875,0,2.9665,1.0917,1.5206,0,0,1.4302,1.8445,0.517,2.1762,0,0.6229,6.1078,1.1338,0,0.9679,0.6286,5.0477,0,5.4435
"WDR62",9.2802,8.9706,6.5368,8.4327,5.8492,9.7691,8.0398,8.5262,6.2949,8.4583,7.0227,4.6162,10.146,9.3763,6.2304,5.7655,4.6807,9.4243,6.2224,7.3895,4.008,7.9138,8.3987,6.7315,4.3863,7.8547,8.8147,7.3662,5.2216,8.1996,5.7021,7.6308,6.997,7.4448,9.2208,5.6003,7.0165,3.9407,7.0696,9.7653,6.2133,5.5589,7.7145,3.7308,6.6549,8.195,6.3266,5.4711,5.769,6.6726,8.348,7.3278,7.6678,9.0294,7.4633,5.4441,6.1317,4.1778,7.1072,7.8844,8.9721,8.6812,8.0269,6.6662,7.5995,7.5761,7.5245,8.775,7.3093,8.0284,7.1818,8.3629,7.5677,5.9604,7.3106,5.1236,9.0363,8.8069,7.5155
"PPEF1",2.829,3.8467,0,2.8205,1.1084,2.652,2.7685,1.2287,1.757,1.0844,0,0,2.1833,4.7753,1.1427,1.777,5.6146,2.5481,2.3775,0,1.0825,4.802,4.6681,3.6371,1.7292,2.0437,4.2276,2.8275,0,3.5939,4.4081,1.8256,2.9022,0.5269,4.4538,1.6598,1.138,0.6764,0,1.381,3.0121,0,1.9572,2.7182,0,2.3082,1.8824,4.8028,2.4297,3.7745,2.1905,3.9555,3.2646,2.5074,3.3487,1.2552,2.162,1.4566,1.9864,3.0053,2.5389,2.8523,4.7638,3.4608,2.7387,1.4302,1.8445,5.2341,2.9352,0.5595,3.8033,6.5327,1.3743,1.6214,2.5311,0,4.732,2.1201,1.8282
"TFRC",11.6599,9.5851,9.6517,10.8627,10.2751,12.9528,9.1202,14.3114,7.781,11.4567,8.7874,9.2571,10.6452,13.227,10.0131,10.1087,9.637,11.2732,8.1066,10.729,11.2493,7.8034,9.0832,8.6843,10.7933,11.5197,10.547,9.1724,8.207,10.5994,10.6501,10.6075,7.0979,10.0797,8.7718,7.4939,10.609,11.59,9.0045,10.5741,9.1327,8.7675,9.7725,8.9196,10.8095,11.1727,10.3414,8.316,10.0206,11.9035,13.6716,8.898,10.9635,11.7286,12.4287,9.6701,8.217,12.0824,11.0777,11.1833,11.7683,12.1382,9.0396,10.7577,11.7958,9.6966,11.2436,13.2187,9.9678,10.5439,11.4562,12.1435,9.5498,12.8186,8.1904,9.8337,10.959,9.6532,9.161
"ERCC6L",6.0323,6.8596,5.6484,3.3746,4.1031,7.6684,6.4542,7.1996,4.0857,6.1275,3.5549,3.3031,7.1064,6.2927,4.5819,3.7154,2.7735,7.1763,4.4582,4.978,1.6939,3.8529,4.5052,4.4326,3.2228,5.8225,5.6719,5.1794,2.9605,6.4935,4.8061,5.9558,4.1417,3.0094,6.965,4.3907,4.9268,2.6744,5.2888,7.3349,4.4054,3.9257,5.4986,3.1396,4.5382,5.3092,5.8094,4.2993,3.5813,6.3624,7.5961,5.5233,6.4749,7.8376,4.6373,2.6054,3.3047,2.9317,5.5058,6.2638,8.4373,5.7289,6.1326,4.5135,5.2436,4.6281,4.4978,6.6208,4.7863,4.8556,6.2795,6.3396,5.1391,4.0051,6.2669,1.8994,8.0591,4.3396,6.1268
"EMP2",11.452,11.4239,8.7714,9.1615,7.0277,11.9392,11.7349,9.6741,9.3192,8.9304,10.45,8.0487,10.7875,8.285,9.5505,7.975,10.5834,12.4248,10.8954,7.3773,8.1656,7.546,11.7405,11.5118,10.549,8.7796,8.882,9.9036,7.3239,9.2801,11.5089,11.5815,9.6757,8.069,12.9405,8.9686,11.8438,7.3121,10.6647,10.2682,11.2104,9.6748,11.0239,7.4521,9.833,9.8229,7.8246,11.2192,9.2371,9.6176,11.3764,12.3426,9.3317,11.7772,10.6644,8.565,10.6358,7.8471,11.0026,10.7154,11.4132,9.8492,10.0018,8.0294,8.6553,8.4236,9.9922,10.6903,10.2066,8.6384,10.8445,10.6047,8.6116,8.1095,11.7228,8.7924,10.6591,11.3887,6.4551
"HBQ1",4.4164,2.8574,1.1977,0,0,1.6389,0,0.9227,1.2387,1.4227,0,6.6621,2.4402,0,0,0,0,2.6903,0.5522,0,0,0.5659,0,0,0,0,0,0,1.1356,1.0049,2.2791,0,0,0,4.6446,0.6228,0.6783,0,0,1.929,3.5361,0,1.5471,0,0.6509,5.711,0,0,0.5249,0,0.9193,1.2936,0.6915,1.7411,3.0617,0,0.8256,0,2.6628,1.0772,0,4.3385,0,0,0,0,3.5065,0.517,1.9021,0.5595,1.8876,1.6192,0.845,0,1.542,0.6286,4.95,0.8772,0
"TOX2",8.3365,8.0724,9.6679,6.7905,6.1368,8.3278,8.7452,8.7572,6.827,8.8059,6.5298,8.3594,7.3801,7.5162,9.1708,5.6129,6.9188,6.1802,8.4617,4.9344,5.3262,6.1812,5.234,7.0876,5.6058,5.9878,7.4478,6.6331,6.4127,9.2529,9.1533,9.3426,7.2371,6.5946,10.2593,6.6719,9.6918,4.6739,6.239,7.5166,6.3445,6.5572,8.7742,4.9604,8.6947,8.2522,7.875,9.3816,8.5056,6.0612,8.735,7.1768,3.6651,7.1165,6.2629,6.1364,7.6456,5.8197,7.3307,7.5618,10.6943,7.2588,8.1927,8.4035,8.053,6.1043,8.1337,6.9674,5.9082,5.3998,4.2343,6.6564,5.5356,7.799,9.1471,6.5606,7.9292,8.3658,3.6898
"DHDH",4.2718,3.6556,2.9008,4.4918,2.1597,3.3198,5.326,2.3307,2.8318,0,0,5.4658,4.6385,3.2258,2.6402,1.1464,0,5.8113,2.3775,0.9553,3.3135,6.2647,2.3422,0,2.2341,1.523,4.0978,2.1336,0,5.0318,1.5493,2.6062,1.511,2.3123,4.8131,1.3894,2.9267,1.4826,0.8703,4.1248,2.0104,1.8726,4.9669,1.0814,3.167,3.5825,0,1.6972,2.3072,2.6248,2.5611,0,2.838,0.954,3.793,1.9161,0.8256,1.4566,1.4738,1.687,3.173,5.4022,0,1.2418,2.7387,2.6052,3.2686,2.1533,3.0756,1.5336,2.551,3.3388,1.5804,2.2124,1.542,2.8089,2.0123,0.8772,1.8282
"KIF23",9.2125,8.5034,6.8435,5.9586,5.562,9.3303,8.2472,10.0142,6.3915,8.2216,3.5549,6.3842,9.5329,8.6623,7.4,5.5395,5.0631,10.3366,7.4772,6.9651,4.6775,6.0197,7.0061,7.506,5.1019,7.6366,8.2201,7.1561,5.8295,8.6152,6.2323,8.2739,5.5047,5.5222,8.384,6.2488,7.069,4.049,7.8479,9.4761,6.9737,4.7405,8.1741,4.5436,6.6712,8.3756,8.2476,6.7734,6.7141,7.9329,9.7713,6.7408,9.3989,9.3032,7.8178,5.1754,6.4254,7.0842,6.7423,8.8825,9.9339,8.4037,7.5682,7.6525,7.3958,5.8312,8.1425,9.5064,6.9967,7.1175,8.72,8.0699,6.9405,6.3205,6.7999,5.7248,8.9517,6.628,7.5421
"SBSN",0,1.8787,0,0.6335,0,2.2326,1.0406,0,0.7485,0,0,0.4706,1.2192,1.4641,0,0,0,0.6836,0,0,0.6405,0.5659,1.8929,0,4.9802,1.1694,3.4868,2.5219,0.8465,1.3278,0,1.5402,2.2328,0,3.7435,0,1.138,0,0,1.7684,0,0,1.9572,2.1204,0.6509,1.4629,0,1.319,0,0,2.9418,0,0,1.2665,1.5046,0,0.471,0,1.7527,0.799,1.9285,0,0,4.6505,0,1.4302,0.8982,0.517,2.296,0,1.66,8.3483,0,0,0.5636,0,5.8634,0,0
"LTBP1",9.6033,10.3368,8.0493,6.921,6.7922,9.3688,10.9283,11.119,9.6578,7.2399,7.0227,9.2333,10.6311,11.3019,11.0654,7.4424,9.6912,10.0717,9.998,6.1003,6.3483,11.7113,8.6869,9.9727,6.317,7.0598,8.7204,10.1703,9.4089,10.1416,8.9714,8.4678,10.1285,9.4969,9.7127,8.2627,8.1876,7.505,6.6611,11.2749,9.8082,7.5631,9.9013,8.5926,9.2334,8.9033,6.5185,9.1297,8.7219,7.277,11.0341,7.1025,11.2249,8.333,10.0205,8.4722,10.0085,8.9465,10.2767,9.1557,12.0552,9.4803,7.1792,8.1976,8.3762,7.7106,9.7093,9.7418,9.9056,6.9452,7.9467,11.5859,8.934,7.4421,8.97,8.0576,11.7457,6.8743,8.0798
"BRCA2",6.1881,6.7621,5.0022,4.4193,4.0026,7.2939,4.1198,7.4306,5.0125,6.5802,0,3.8578,7.4475,6.3405,4.9256,4.1691,2.9042,7.158,4.6036,5.0411,3.23,4.0747,4.1112,3.9535,3.4839,6.4149,6.9798,4.7044,4.6405,5.1388,3.4106,5.7832,2.4919,4.8464,4.9993,5.1737,4.8387,2.1982,5.0209,6.0174,3.8708,3.3035,5.6987,1.6925,4.7968,5.2768,6.8811,3.2052,4.6515,6.3706,5.5376,4.7615,6.4345,7.3164,3.9298,4.0634,4.1058,4.0918,5.0442,5.8481,7.5097,4.4547,5.3965,3.8273,5.536,3.4815,4.1918,7.9134,6.6203,5.5386,7.3819,6.5897,6.0421,5.3198,5.9914,3.6403,7.2173,5.4209,6.1268
"POLQ",7.5822,6.6318,5.9191,5.6926,3.7779,7.794,4.8051,7.8501,6.2505,6.0442,4.0984,4.0036,8.2302,6.5914,6.4051,5.3378,2.6297,8.6099,4.8333,6.0398,4.0573,4.9212,8.2459,5.745,4.9802,7.5999,5.5447,7.0786,5.2369,7.4814,4.3411,6.6745,4.6468,4.4697,7.5401,4.1041,5.5054,0.6764,5.9607,7.432,3.7132,3.4277,5.9094,3.6042,6.129,6.4587,6.6107,4.878,4.7489,6.0713,7.8231,5.9532,7.1165,7.8726,7.1121,5.0996,4.7686,4.8711,5.0951,6.9863,6.7286,6.4518,6.6977,4.0418,6.7937,5.9935,7.7783,8.248,5.7908,6.0002,5.4122,6.7813,6.7668,5.7949,8.1028,4.4432,7.9771,5.3634,7.2188
"CENPK",7.7999,7.8945,6.9071,5.3852,4.9569,7.5059,5.8731,9.6003,6.2886,7.8534,5.4598,4.7462,7.7079,6.8497,6.5609,5.7815,3.3335,8.5644,5.3445,6.6515,2.5921,4.1547,6.7208,6.3816,5.4917,7.8664,7.2933,7.1354,4.6405,7.5643,4.3411,7.8732,5.6971,5.5496,6.8242,3.6868,7.4717,2.8036,7.2993,7.1517,4.7946,4.4787,6.6015,1.6925,6.3161,6.2746,6.1873,5.6535,5.7806,6.5258,7.9139,7.3147,7.352,8.9673,6.3789,5.8888,5.7522,3.058,4.7899,7.5071,6.6211,6.9643,8.1267,4.8458,7.0156,6.1737,6.4633,8.2582,6.7038,6.407,6.7099,7.4031,7.3701,5.9238,6.4436,5.8393,8.1233,6.3006,7.8963
"MGC87042",3.796,3.8907,1.1977,2.4357,1.1084,2.652,2.652,2.7702,2.687,0,0,1.8874,2.756,5.873,3.3013,2.3917,0,5.4404,2.9989,1.525,2.122,0.5659,0,2.4794,1.7292,2.8572,1.6552,3.2941,3.8647,2.1775,2.2791,1.5402,1.511,2.9282,0.8275,3.7461,1.7661,2.6744,1.8009,3.0392,2.4707,2.6608,2.6521,0,3.0724,2.8376,1.2286,2.2442,1.2119,2.9217,5.7315,1.2936,2.2296,1.5233,2.7031,2.9882,3.0595,2.7933,1.9864,1.0772,1.5873,1.0917,2.7241,3.2001,3.0168,0,1.4476,6.9372,2.7795,1.5336,3.1859,4.441,1.3743,2.3656,3.4006,1.8994,8.5088,1.4188,0.8878
"TFAP2A",2.1349,3.2446,3.8008,2.1069,2.1597,4.5685,5.9857,0.9227,3.4853,7.4806,4.4922,2.4926,3.015,6.693,3.9537,1.777,2.47,3.335,3.0807,2.9208,1.4204,4.4991,6.4568,3.3439,3.6528,2.7272,4.1857,3.9289,3.5078,2.0073,1.9598,2.9995,3.7033,2.0304,3.3639,3.0034,3.7012,1.1351,3.0794,3.5644,3.3343,1.8726,2.1256,3.1396,4.223,7.7938,3.3791,3.3176,3.4132,3.5614,7.6419,3.2792,1.1571,3.558,3.642,5.6573,3.4646,5.123,3.8706,3.0703,3.9851,6.5938,5.5768,2.0653,2.5766,5.0533,3.2686,4.6015,3.7976,3.2521,4.6611,4.5974,2.8016,1.8464,3.5256,3.6403,6.8563,3.3512,5.1645
"NETO2",11.3686,11.982,6.8757,9.5511,8.2085,9.0558,11.0156,9.5969,12.0937,10.4713,8.7338,9.0333,9.6036,10.9838,9.7506,7.6744,8.7298,11.5903,9.1485,9.0641,5.8856,11.095,11.249,9.5331,7.3454,8.6055,11.7708,11.1427,8.6031,11.1124,10.2659,8.439,9.8229,8.278,10.4796,7.4633,8.1239,9.6835,9.1525,10.6437,9.9709,8.4754,9.258,9.4551,8.9304,11.9043,8.9737,12.186,9.1054,8.0577,9.848,8.362,11.6823,10.1797,11.2508,6.8187,10.3025,8.1813,8.9256,11.1298,12.8217,11.261,8.4144,7.1823,8.5141,7.9169,9.6562,11.263,10.1006,8.6384,9.8567,6.6973,10.0957,7.8453,10.9881,8.5926,11.6896,8.7934,9.7621
"CBX2",7.8601,7.7405,6.0932,5.9328,4.0026,6.0675,8.7074,7.1367,7.696,5.9295,5.0556,9.4572,7.2518,8.5174,5.4489,4.3517,5.5562,8.4085,5.8434,5.419,6.0159,5.8972,7.7046,4.6233,4.6216,5.8695,6.747,5.5148,5.8987,5.9869,6.8655,5.6061,6.211,5.9604,7.8029,6.309,5.7503,5.2052,5.9797,8.1282,4.1829,5.5858,6.8857,4.0553,7.0644,10.6411,5.4809,6.6922,6.0238,5.1221,8.4599,5.3798,7.0309,6.0777,10.393,5.6573,5.8712,3.6048,5.7156,5.1155,4.9388,8.8032,6.4733,4.5973,6.4979,4.296,8.5239,8.7722,7.0991,4.8556,5.837,7.9614,5.8954,5.2228,8.7001,4.6138,6.3432,4.4542,5.6531
"KIF18A",6.73,7.1177,5.0592,4.9173,5.1571,7.0795,5.86,7.2171,7.3917,5.8616,4.4922,5.4404,8.8021,7.2794,6.3492,3.7806,3.7359,8.7114,4.5757,5.6524,2.5921,5.5579,8.3576,6.7211,4.4179,6.6027,6.4604,5.618,6.5905,6.5871,4.4721,6.8832,4.064,4.4697,7.3409,4.0106,6.1176,2.5324,6.1743,7.8756,4.4726,4.0851,6.301,2.45,5.4515,7.0526,7.1973,5.3962,4.4635,5.934,8.7153,5.6948,8.3173,7.727,6.6,4.4465,6.1157,2.9317,4.9914,7.0601,7.2303,6.6189,7.063,6.4728,5.8158,4.1658,6.9702,8.8843,6.0341,6.2982,6.5277,6.7921,5.876,4.9352,6.7812,4.9043,8.3907,6.3309,5.7474
"ACBD7",6.1334,5.7929,5.9191,4.1771,3.6508,6.3645,6.1557,5.2027,5.2501,7.6104,6.253,4.0036,7.0736,5.4911,5.5761,3.1519,3.3335,5.6638,5.072,4.2713,2.72,3.9457,7.4145,5.7855,4.8239,5.169,5.3109,5.856,3.8647,5.9165,3.7575,6.736,4.064,2.8421,7.752,2.9028,6.6619,2.375,5.1611,8.7939,4.261,3.7466,7.8767,3.3116,5.8297,4.8633,4.4915,5.0828,3.0037,5.2874,3.4333,7.0081,5.3994,7.8927,6.0791,2.9882,4.2298,2.4689,4.3613,4.4652,8.1603,4.8719,5.5192,4.2969,5.536,2.9597,5.6752,7.5385,4.4414,4.7579,5.7088,5.0764,3.7379,3.7507,6.9356,4.6138,6.8671,6.2056,5.701
"LOC100130776",8.2048,9.3644,7.7617,8.3201,6.6577,9.0796,6.6501,8.2597,9.3774,4.5314,8.612,5.64,9.9658,10.9323,8.4683,5.3781,7.7208,8.3426,7.1781,6.5675,7.1096,7.5766,10.1243,7.0212,8.978,8.7864,9.435,6.6641,7.3212,8.8552,9.1312,7.4497,8.3003,8.0464,9.8232,8.7781,6.7552,4.7457,7.2535,9.1291,5.0989,7.427,9.6845,6.3789,8.2824,8.5922,7.0717,9.0718,6.9389,5.1206,8.396,7.6483,5.9163,5.0674,9.9655,8.4715,8.4972,6.4724,8.1827,4.0341,8.4721,8.8812,8.373,6.3718,7.7553,8.9317,9.6608,10.4429,8.8856,5.7553,6.6127,8.076,8.8902,8.3913,9.7629,7.2069,9.5334,7.0172,7.4647
"EPHA5",0,2.1921,4.2564,0,0,2.652,0.6121,1.2287,0,1.4227,0,5.4907,1.2192,7.2794,0.4881,3.2472,0,1.1454,0,0.5553,0,1.9567,0,0,0.9458,0,2.2515,0,0,0,0,1.5402,0,0.5269,1.35,0,0,0,0,0,0,0,0.5661,1.0814,0,3.8693,0,0,0,1.7438,0,0,1.1571,1.9304,0,0.9446,0.8256,0,0.6713,0,4.7794,4.0243,0,0,0,0,0,0,0,0.5595,1.3896,3.9155,2.8817,0.6033,1.542,1.3997,2.0123,0,1.8282
"PTCH2",6.7208,5.9259,3.5045,2.2806,5.7597,6.48,2.2326,4.2751,4.4195,3.9075,5.4598,5.1267,6.8427,4.1819,6.0493,5.1285,4.7168,5.9591,3.9057,4.498,3.5383,6.9312,9.4082,6.3415,2.7131,5.0104,6.0332,4.32,5.0926,6.0096,3.5357,6.2,4.4775,3.8301,9.1732,4.3531,3.3226,4.049,3.4512,6.1041,2.333,3.4277,5.5733,2.9442,5.8297,6.6911,2.3306,4.8409,5.2425,2.2505,4.0134,3.4802,4.2818,5.6497,2.9801,4.1784,4.8286,3.6853,5.3257,4.2576,6.1693,4.2976,3.0835,5.9214,3.9248,3.8639,6.0012,4.41,7.0488,2.8397,5.8506,6.8294,4.5171,2.6304,6.0022,4.7072,4.1269,4.8387,6.0548
"LPAR2",6.73,4.5972,4.8807,5.6771,5.4896,4.0752,5.326,7.0221,5.7829,4.4416,6.0338,7.22,4.8961,6.0841,6.8038,5.1777,5.923,7.5659,2.9122,4.4368,5.4421,4.8509,7.4145,6.122,3.4229,5.2659,4.1424,6.4662,4.443,9.3596,5.8051,4.6538,4.5926,4.9733,8.1245,6.5772,3.4067,4.1002,3.6546,5.0999,7.1986,5.2242,3.4714,5.1078,6.3767,4.9272,3.7105,3.0832,3.1535,3.8232,7.1523,4.5983,5.2903,5.6631,7.6791,4.9129,5.2358,5.0182,5.5792,8.207,5.8664,6.082,5.1146,4.5973,2.7387,6.6822,5.8145,8.649,6.1735,3.5138,3.1859,7.0257,5.8954,6.593,8.1761,5.3721,9.0763,4.7518,4.8182
"LRP8",5.495,6.8596,2.9008,3.6527,4.9022,8.4286,8.2819,5.6385,4.9972,5.6036,6.5298,7.5871,7.285,6.4534,8.5212,5.6996,5.0348,4.4733,5.912,3.7232,4.6775,4.3372,2.9606,5.046,6.3905,4.9239,4.9335,4.7775,4.9693,8.3826,6.1948,3.8439,4.9785,5.4658,6.0957,5.5841,4.955,3.4814,5.4883,6.2017,5.7684,4.6918,6.3528,5.5472,7.9666,5.475,4.6543,7.6588,4.2472,6.4425,10.2235,4.8367,6.9107,5.4477,5.9564,4.6193,5.1908,3.8339,8.5203,9.4638,5.7742,6.2522,5.737,5.0773,5.445,4.296,7.0663,5.7204,5.0474,5.7181,8.3846,6.8759,5.9335,6.0422,3.0304,5.9065,7.6087,5.1758,5.5521
"SP8",0,1.4776,0,0,0,2.3863,0,6.8024,0.4222,0,0,0,2.8476,3.8271,1.1427,0,0,1.1454,0,0,0,1.2874,0,0.8179,0,0,0,1.2358,0,2.3298,0,0,0,0.5269,0,0,0,0,0,0.8498,0,0,0,0,0,0.9094,0.7413,0,0.5249,0,0,1.2936,6.7302,0,3.5317,0,1.11,0,0.6713,0,1.5873,1.4312,0,0,0,2.6052,0,5.7782,3.9145,0,1.0567,0,0,0.6033,0,0,1.2019,0,0
"AGPAT4",7.3135,8.3928,7.6361,9.0459,6.5287,8.9457,9.6799,6.2524,9.5163,8.9287,7.8253,8.3509,10.2613,8.387,8.2373,5.6129,8.8961,7.538,8.4444,6.3281,9.8815,8.5878,9.5611,5.9005,8.4633,8.2327,7.3608,8.7366,6.6024,8.8283,7.0551,9.2506,7.8365,5.4943,8.725,6.4132,8.3018,5.2512,7.8531,9.4598,6.9085,8.9338,9.2374,3.955,7.5281,9.4388,5.8603,9.0687,8.1114,9.871,4.2682,9.4283,10.1603,7.8227,7.692,5.644,9.1611,5.064,5.7792,7.942,8.2842,9.4409,7.1792,4.3622,8.6579,8.4863,8.9132,10.1681,8.2976,8.7881,8.303,9.5537,7.377,7.7752,10.0587,7.4485,8.1934,7.9189,7.692
"BAAT",1.8929,3.8907,0,0.6335,0,3.9818,1.0406,3.3791,2.0214,2.7231,4.4922,2.1606,4.0822,0.9103,1.7722,3.5002,2.0851,2.5481,1.925,0.9553,1.0825,1.9567,5.2851,1.7173,2.4934,1.8067,3.1797,4.2702,1.1356,4.2572,2.2791,0.7103,0,0.5269,7.8079,0,0.6783,0.6764,0,3.6591,1.0069,2.4427,0.9717,1.6925,1.4385,3.733,0.7413,2.8033,1.4622,1.5257,0,2.4206,2.7083,2.6217,1.9092,0.9446,4.1058,1.2605,3.5441,1.9854,4.6003,2.1354,1.5206,1.8992,0,1.4302,4.1219,3.6597,2.1762,1.5336,2.0841,2.1095,1.1338,1.8464,0.5636,2.5645,0,0,2.3928
"ORC1L",6.6927,6.2216,4.7481,3.8309,4.197,7.2595,4.7208,7.1908,4.6903,6.173,5.2718,4.3145,7.1203,6.4962,4.6984,3.0499,3.0241,8.4289,3.9057,5.0615,2.946,4.033,6.7392,4.5311,4.2525,6.7689,6.6729,4.2702,4.1178,6.2288,5.3051,5.7323,3.3577,3.9987,6.7221,4.7504,3.8883,1.4826,5.2264,7.2232,3.472,4.0851,4.6728,2.9442,4.3085,6.7274,6.265,4.1853,4.7489,4.7208,8.6749,4.6822,7.0035,6.1745,6.1178,4.4768,3.3047,5.2867,5.1443,5.5393,7.8995,7.6608,5.5192,3.6294,5.5579,3.2441,6.6975,7.3068,5.3258,5.2641,5.7088,7.88,5.3081,4.261,4.82,4.0261,7.4281,4.7062,5.4435
"NCAN",0.7471,0,0,0,0,3.0703,3.3942,1.6956,1.4329,0,0,9.0966,2.6583,1.2137,1.1427,0,0,2.213,0,0.9553,2.122,0.5659,4.8144,0,0,0,2.0788,1.8916,1.3764,2.8157,3.2736,0,1.511,0,3.5661,0,0.6783,0.6764,0,1.381,2.0104,0,2.6521,0,0.6509,3.2904,0.7413,0.8053,1.2119,0.5556,0,0,1.5085,0.5544,1.5046,0,1.11,1.6293,1.1276,0.799,0.4865,4.0243,2.2444,0.541,0,0,0.8982,2.2867,0.4762,0,0.6229,1.8018,0.4835,0,1.7613,1.3997,0,0,0
"FLJ45983",4.8144,2.3266,0,0.6335,0,0.6121,0,0,2.1374,0,0,1.3463,0.5288,2.1757,5.8623,0,0,0,0,0,0,6.1907,4.4164,0,0,0,0.6205,0,0.8465,0,0,0,0,0,0,1.3894,0,0,0,2.5394,0,0.9163,0,1.0814,0,2.3082,0,0.8053,0,1.7438,0,0,2.0269,0,3.0617,0,0,0,0,3.5058,0,4.9792,0,0.9336,0,0,3.1332,1.6577,0,0,2.2571,0.8709,0.845,1.0274,1.2833,1.3997,2.0123,0,0.8878
"PRC1",10.8736,11.0124,8.3185,7.6077,7.0404,11.1941,11.3611,9.7375,8.1696,9.9818,7.6433,7.7741,11.0922,10.1221,9.0044,7.2997,7.8289,11.5594,9.11,8.3399,5.8441,8.8156,9.5843,9.1798,7.3037,9.4212,10.0214,8.0178,7.2949,9.8034,8.3344,10.1036,7.1268,7.495,9.8018,8.0762,9.0014,5.9405,9.2981,10.6671,8.4546,7.1415,8.5446,6.1102,7.4782,10.4681,9.1965,8.5952,8.5349,10.0933,11.1408,8.7599,11.0493,11.1479,9.7581,7.9985,6.9829,6.3444,7.9408,10.5336,11.5503,10.1868,8.8713,10.0214,9.4724,7.4835,9.8509,11.5366,9.2263,9.0112,10.3802,9.9684,8.5145,8.5096,9.421,6.4296,10.1228,8.2316,9.2583
"HIST1H3D",5.31,4.6466,2.6263,2.305,1.4991,4.1363,1.6389,2.6415,2.2448,2.8405,3.5549,3.8578,5.4721,1.8633,3.5791,2.3917,3.8045,5.0019,3.3014,1.525,1.9238,5.3528,3.9933,4.6384,2.9903,2.8572,4.973,4.4621,1.7631,3.8293,3.018,3.11,2.2328,2.1783,5.634,1.8874,5.0493,2.7222,0.8703,3.0392,3.591,4.4201,7.6517,4.237,6.169,4.7894,1.4993,1.319,4.3386,5.2453,6.7018,1.9645,3.3541,5.5395,3.9726,1.2552,3.9342,2.6402,2.8356,4.2249,3.173,3.9203,3.816,3.081,2.394,3.2441,3.6583,3.1307,4.0107,0.7825,5.4361,5.0222,1.7608,4.0342,2.1197,3.2004,4.5589,2.7,0
"RDM1",5.234,4.0929,3.5045,1.9093,0,2.652,0,5.3992,0.4222,2.7231,2.6727,2.5882,4.6639,2.028,2.8155,2.8213,0,3.8413,2.0921,3.3104,0,0.5659,0,2.2672,2.6074,1.8067,3.2628,3.0796,1.5827,4.0967,3.2736,2.7496,3.2212,1.2156,2.6831,1.8874,0,1.4826,3.9143,4.6245,1.3302,3.7466,1.9572,1.6925,1.0978,0,1.8824,0,1.2119,2.3863,3.9731,2.7667,2.7083,3.1645,0,0.5482,1.7298,0.4318,2.5211,2.7906,0,1.9366,4.1556,1.8992,2.8844,2.1342,0.8982,2.1533,1.9021,1.7522,0.6229,2.3629,4.8514,1.3548,3.8936,1.8994,5.2584,0.8772,5.0207
"C8ORFK29",2.8318,5.9969,1.8584,2.585,0,2.8794,2.8773,5.5344,3.0328,1.9307,2.7206,5.3073,3.313,3.0908,1.9345,2.023,5.4585,3.5156,2.6211,0.5599,1.0825,2.7629,3.9982,4.396,0.9458,2.9799,2.6843,2.1336,2.55,4.7482,1.554,4.5041,0.9587,0.5313,6.3948,1.3953,2.6909,1.1351,0.8703,0.8594,3.3394,1.4815,2.7798,0,2.4783,1.8654,1.885,3.9369,3.1712,0.5556,2.8592,2.4439,3.0744,4.1319,3.7954,0.9446,3.3638,1.9294,4.3708,3.7303,1.1472,1.0917,2.2614,2.7964,0,0,3.7192,3.9725,5.0886,0.9652,2.4173,3.0869,2.3292,2.0537,4.4675,2.5751,3.1443,1.8151,3.4903
"TM4SF19",2.8276,3.5854,2.2872,0.6335,0,4.6314,1.0406,3.1065,1.0143,0.6418,0,1.7201,0.5288,2.5453,3.7025,2.1547,0.7212,1.1454,0,0.6228,0.6405,0,1.8929,0,0.9458,2.0437,1.8825,0,0.8465,0,1.5493,0.4531,0,0,0,0,1.4859,1.0952,0,2.3252,3.8663,0,0.5661,0,0,0,1.2286,0,0,2.7297,8.301,1.2936,1.1571,3.209,3.968,0.9446,0,0.7638,0.6713,1.3102,0.8495,1.9366,0,0,0,0,2.9837,0.517,1.9021,0.9616,0.6229,3.2154,0,0,0.5636,0.6133,3.1541,0,0
"CYP2D6",3.1924,3.6036,5.3151,2.7033,2.9885,4.7775,1.865,2.0478,1.757,3.1447,0,4.1361,4.2257,3.7817,1.5913,2.2144,2.7735,3.9584,1.2623,1.525,2.2963,1.2874,6.5433,2.8283,1.9179,3.189,1.3853,3.7222,3.6522,7.0376,1.9598,3.11,1.511,2.3123,7.196,2.5507,2.6787,1.9967,0.8703,3.1735,1.3302,0,4.6174,3.955,1.9451,1.2126,0,1.319,3.0806,1.5257,4.0909,2.4206,4.7124,3.0871,5.4653,1.5106,2.5897,2.375,3.1214,3.8398,2.073,2.4659,3.371,3.2001,1.6452,1.4302,2.6282,4.4673,4.6581,2.2601,2.2571,3.0081,0.845,1.8464,2.6457,3.112,3.2734,0.8772,2.6093
"SP9",0,1.4776,0,0,0,0,4.163,2.3307,0,0,0,0,0,4.7282,0.4881,0,0,3.335,0,0,0,6.0618,4.4164,0,0,0,0,0,0,0.5882,0,0,0,0,0,0,0,0,0,2.7259,0,0,1.2878,0,0,5.1927,0,0,0,0,3.2428,0,2.4074,0,4.0547,0,0,0,0,0,1.768,1.9366,0,0,0,0,0,3.0579,0,0,0,0,0,0,0.5636,0,0,0,0
"APOBEC3A",4.4931,3.9627,4.4395,1.7787,3.3574,5.3618,3.5579,4.3775,3.4409,3.6252,0,2.2568,5.9642,3.9041,1.7722,2.0507,1.5587,4.0704,1.9549,2.4905,1.0825,2.8042,2.8644,3.6867,1.7292,2.7988,4.5783,3.7944,2.0231,3.917,3.9657,3.1916,0,2.6529,3.3309,2.5507,2.1525,0,3.8202,4.2672,1.5942,1.8192,2.702,0,2.8022,2.7999,1.5922,1.4393,1.6753,3.6385,5.3236,3.3487,5.6571,3.843,2.8194,1.5106,0.9461,3.1172,1.1276,3.5799,5.5805,2.9891,0,1.8992,2.7387,2.2311,4.3902,5.2883,4.0871,2.6761,3.208,1.7134,3.3718,2.2124,3.7569,2.0517,7.09,2.8039,3.2145
"RPLP0P2",4.5477,4.4576,3.9289,4.2624,4.0026,5.6932,6.4367,4.1713,3.1407,3.9075,6.0338,3.7378,3.8801,4.8867,5.8722,2.8213,2.7735,4.5868,4.1143,2.2497,3.6708,3.1962,3.1924,4.9424,3.6528,3.7541,5.1672,3.5658,2.6294,4.7098,3.8567,5.0077,2.7116,3.0094,5.1642,4.5321,4.6446,3.2287,4.8241,3.4631,3.8201,3.0177,6.378,3.7308,1.9451,4.2813,3.8514,4.2434,2.3072,6.3542,4.1999,4.2029,5.7355,2.8262,5.5666,4.0634,3.4646,1.9228,7.6824,3.5968,3.8711,4.4914,4.1556,3.5192,3.4503,3.4815,4.0485,3.504,3.6254,3.1786,5.1954,11.7072,2.1964,5.1189,3.6407,4.4065,7.4497,3.2278,2.6093
"SULF2",11.6327,12.3783,11.7272,10.0942,9.0353,11.7334,8.6093,12.3553,13.5593,8.5013,10.149,9.446,13.608,12.6777,13.7493,9.4785,12.527,12.6111,13.4589,10.2618,9.3819,11.1126,12.9772,12.2492,9.6807,9.1799,12.6261,12.3444,12.731,12.8849,10.1336,12.6806,10.9718,11.0111,13.4093,10.973,12.2436,9.0196,11.3866,10.8926,11.3161,10.2157,12.1256,9.121,12.2872,10.9935,10.8876,10.7566,11.4111,9.5442,12.8425,12.8371,12.2722,11.6431,11.7189,11.4181,13.6346,8.2088,11.8787,9.8268,11.4267,12.6225,9.9699,10.3574,10.4065,9.8289,12.7274,9.9295,11.922,8.904,12.519,11.7597,9.8125,10.1418,12.2768,10.5137,11.5376,9.4051,9.1927
"PAPOLB",0,2.9436,1.1977,1.0721,0,2.7685,0.6121,0,0,0,0,2.7623,3.3008,0.5259,1.1427,0,0,0.6836,4.4582,0,0,0.5659,0,0,0.549,0,0.6205,2.8275,3.2296,0,0,0,1.9166,0.5269,5.0338,0,2.3791,0.6764,0,4.2818,0,0,6.5132,0,0,2.9236,0,0,0.5249,0.5556,0,0,2.2296,4.8165,0.9401,0,0.471,0.7638,0.6713,0,0,0,1.5206,0,0,0,0,2.7232,0,0.9616,0.6229,0,0,1.0274,0,0,0,0,0
"CDC25A",8.6038,7.6504,7.0687,5.7528,5.8492,8.619,7.151,9.769,7.058,7.8,5.7751,6.462,8.1515,6.7353,7.7195,5.6129,5.8437,9.4077,6.3183,6.6914,7.722,8.2506,9.5689,6.8602,7.4253,7.5431,6.7104,7.4186,7.0819,6.6021,6.2688,7.9642,5.5338,4.5259,7.4788,5.5177,6.9963,1.7624,7.0426,9.7785,5.5681,5.1176,7.9259,5.856,5.2062,9.1192,7.1228,5.7962,5.4304,8.0294,7.3266,6.3106,9.6625,7.8755,8.5236,3.753,5.206,6.6603,5.6992,7.9953,7.4937,9.4267,6.7736,7.3119,6.6984,6.9229,9.1019,9.4479,6.424,6.2361,8.0414,8.352,7.4379,7.5298,8.6564,5.5675,8.2499,6.2219,6.9577
"ZNF367",8.2872,10.1534,7.239,7.1285,6.1834,9.4701,9.0926,9.9086,7.9272,9.516,6.253,4.9217,9.6811,8.6856,7.9319,7.9434,3.7359,9.2457,6.8426,7.7952,5.1558,6.3351,7.4597,6.1533,5.4464,8.8181,8.5571,8.2698,5.8396,9.1759,7.5087,7.5202,7.2547,6.8694,8.6125,6.0038,6.5368,5.2512,7.9673,9.3128,7.008,5.5858,6.9147,5.0603,8.8292,7.5787,8.6583,5.4952,7.5708,7.6006,8.8907,8.6856,8.7818,10.4721,6.9975,7.3714,6.4826,6.1022,6.5088,9.9468,9.7049,8.7454,8.6407,6.8018,8.0375,6.9229,8.2281,10.5329,7.7711,8.0337,7.5617,7.9946,8.8899,7.6503,6.6973,6.3642,6.5642,7.1958,9.5802
"C21orf125",0.7471,1.2257,0,1.0721,0,3.0703,2.0605,0.9227,2.6087,1.4227,0,0.4706,0,3.9138,2.4407,0,0,1.1454,1.7361,0,0,2.8568,0,1.3366,0.549,0.7001,0,4.6664,0,3.1786,0,1.1842,0,0,2.4976,0,2.5367,1.9967,0,1.381,0.5896,0,0.9717,0,0,0.5253,1.2286,0.8053,0.9089,7.0298,5.6697,0,2.2296,0.5544,0,0.5482,1.11,0.4318,2.5211,0,0,1.9366,1.5206,0.9336,1.6452,0,0,1.1973,1.7427,4.136,2.2571,1.4102,0,1.8464,0.9679,0,4.4467,0.8772,0
"MBOAT2",7.1019,6.517,4.602,6.0575,4.1031,3.5324,3.3198,2.9481,7.9806,5.7757,5.2718,7.0202,6.5944,6.9506,7.213,5.1032,5.8599,4.9682,6.7949,5.419,3.8493,6.2557,7.4708,5.0789,4.0252,3.8193,6.1901,7.1284,6.7108,7.5056,4.9922,4.5401,7.5029,4.7785,6.9916,5.2778,6.0539,3.8834,4.7372,8.084,6.1835,5.8077,7.0253,3.955,7.363,6.6348,4.0399,6.1246,4.8179,3.6719,8.8744,5.3287,2.9571,6.4466,7.088,5.2474,4.748,4.8711,5.6145,6.5694,7.1389,7.6074,7.1027,4.0811,4.1139,4.7238,6.9093,7.842,5.9453,4.783,3.4932,8.2691,6.2898,3.9577,6.3705,6.0322,8.8415,5.3338,5.9594
"GABRD",8.3395,7.8224,5.721,6.4611,6.4354,7.0278,4.4687,6.8702,8.3697,3.9075,5.2718,9.6654,8.1058,8.7665,6.5044,5.2485,7.1863,8.2681,7.4155,6.457,2.122,6.0926,7.205,4.869,6.0808,5.1181,8.1725,6.5204,7.0734,7.7136,8.199,5.6249,6.211,6.3121,8.8754,4.8617,7.2563,6.6821,5.9218,8.5686,6.7347,8.2074,7.0929,7.8856,6.9887,6.11,4.7293,5.9611,6.2149,6.1306,6.6427,5.8113,5.9079,6.8439,5.6873,7.297,7.2659,1.6293,5.6659,6.5121,7.0057,8.0506,7.4803,6.893,7.3081,6.3932,7.1564,5.8228,6.7777,5.0944,6.4761,8.5063,6.6629,5.4625,9.17,3.7021,7.8365,5.3634,4.9431
"LPPR5",0,1.692,0,0,0,0,0,0,0.4222,0,0,1.109,2.9337,2.028,0,0,0,0.6836,0,0,0,0,0,0,0,0,1.053,0,0,0,0,0,0,0,1.35,0,0,0,0,0,0,0,0,1.0814,0,9.9287,0,0,0,0.5556,0,0,0,0.5544,0,0,0.8256,0,1.1276,0,1.3806,0,0,0,0,0,3.5065,0,1.5634,0,0,6.3542,0,0,0,0.6286,0.5195,0,0
"GIPR",5.3585,1.692,1.1977,0.6335,1.1084,4.2457,2.652,4.0203,1.4329,1.4227,0,5.7912,1.2192,0.9103,0,0,0.7212,1.7758,0.5522,0,4.6131,1.5466,0,1.7173,1.5122,2.9765,0.6205,2.5219,2.6294,4.0092,3.4106,1.5402,1.511,0.9119,4.6446,1.6598,1.4859,0.6764,2.9307,3.7042,1.0069,0,3.037,1.0814,0.6509,0.5253,0,2.2442,1.4622,1.5257,1.4763,1.2936,1.7908,0,1.5046,0.9446,1.11,2.7933,1.1276,1.687,3.612,1.4312,2.2444,1.8992,1.2742,3.6853,3.1332,3.6096,3.0071,1.9421,1.66,2.2418,0,2.041,6.7874,1.0651,0.9006,2.1201,0.8878
"GDA",0,3.5496,3.8008,4.343,1.1084,2.2326,0,0.5339,0.7485,0.6418,0,1.109,2.1833,1.6775,1.3843,2.2144,0,0,1.7361,0,0,0.9713,0,0,0.549,0.7001,2.4058,0.7464,0,1.5915,0,0,0,1.2156,3.8246,1.6598,1.138,0.6764,0,1.7684,1.8172,0,3.1191,0,2.8622,6.0729,0,1.319,0.9089,2.1005,2.5611,1.2936,1.1571,1.5233,2.2249,0,1.5512,0.4318,3.811,0.799,1.1394,6.2197,0,0,0,5.494,3.1332,1.1973,1.1198,0.5595,1.3896,1.9638,1.7608,1.0274,1.9516,2.2699,0,0.8772,0
"C2orf48",5.234,0,0,0,0,1.3705,1.865,3.0295,0,4.0607,0,0,1.2192,2.6501,1.933,1.1464,0,3.4191,0.5522,0.5553,0,0.9713,5.3345,0,0,0.7001,0,0.7464,0,3.5939,1.5493,1.5402,0,0.5269,3.5661,1.3894,0.6783,0,0,3.7479,1.0069,0.9163,0.5661,0,0,1.862,1.5922,0,0,0.5556,2.5611,1.2936,3.067,1.7411,0.9401,0.5482,0,1.0334,0,0,3.9851,3.1568,1.5206,0,0,1.4302,1.8445,4.6015,0.4762,1.5336,0.6229,3.7025,0,1.6214,0,0,3.8078,0,0.8878
"RAB15",7.8643,9.6956,6.1203,5.1591,4.4469,5.8861,9.0658,7.5697,7.5361,6.6543,5.0556,7.5006,6.3963,6.3326,8.068,5.1285,6.5902,6.296,7.8005,5.5692,3.6061,7.2232,7.2442,5.7243,5.2497,4.5537,5.746,6.213,5.2968,9.13,6.3562,5.4258,6.1559,5.5898,8.9631,8.7362,4.9826,4.5687,6.6373,8.1669,6.9145,5.1176,5.6717,5.856,5.7706,6.4943,5.3445,8.609,5.0836,5.3386,7.4928,5.4293,6.6442,8.1547,7.5542,4.8906,5.8228,10.6792,6.1114,9.1567,7.2721,8.0871,6.6448,5.3102,5.9377,5.3213,7.877,7.7952,6.3567,6.4929,5.2781,9.8056,6.691,5.8348,6.8305,6.1916,7.8981,5.2411,4.6328
"DLX2",6.5221,3.4352,1.8429,0,0,1.865,0.6121,4.1713,3.1953,2.2992,0,3.4116,2.756,3.3554,2.209,0,2.6297,3.9584,1.7361,1.2681,0.6405,4.2305,0,0.8179,2.7131,0.7001,2.2515,1.2358,0,1.3278,4.0369,2.447,1.9166,2.0304,4.2339,0,0.6783,0.6764,2.3619,3.1079,0.5896,0,3.5325,0,2.3193,3.912,0,2.95,3.8681,0.5556,0.9193,0,2.9571,0.954,3.7444,1.2552,3.0595,0,1.7527,1.3102,2.8103,4.0243,2.2444,0.541,0,2.1342,2.4111,3.3294,1.5634,1.9421,1.8876,4.4132,1.7608,1.6214,2.7519,1.0651,0.9006,0.8772,1.4333
"NR6A1",3.8648,2.8574,1.1977,3.8309,2.7613,1.865,2.2326,6.1829,0,1.9265,0,3.463,2.6583,2.5453,1.7722,1.1464,2.2903,5.8871,2.2418,1.525,1.0825,2.8568,1.8929,1.7173,2.4934,2.0437,2.4058,1.6007,1.7631,5.4358,0.9734,1.5402,1.9166,2.3123,3.4685,1.0564,0,4.1975,2.3619,6.0527,2.1807,0,3.7019,3.7308,2.8622,2.7462,3.3791,1.9964,2.0256,4.2003,4.3334,0,2.2296,3.9996,4.6896,0,2.5897,5.4568,1.9864,5.8573,3.3536,2.1354,1.5206,4.5135,2.7387,2.6052,2.9837,2.9812,3.7976,3.0191,2.4115,1.6192,2.7167,4.5114,2.4066,2.4247,2.4154,3.2278,3.486
"RHBDL2",0.7471,3.3745,1.8429,2.4357,1.7277,1.3705,3.3198,1.2287,2.687,1.9265,0,0.4706,1.4704,2.9253,1.933,1.1464,2.7735,3.7138,1.2623,1.9324,1.6939,1.2874,2.9606,0.8179,4.3863,1.523,1.6552,1.2358,0.4844,2.9154,3.8567,4.1839,2.9022,3.0094,0.8275,2.2568,2.3791,1.9967,2.7648,4.7372,1.8172,2.6608,1.9572,1.6925,0.6509,4.6528,1.2286,3.696,2.0256,1.9332,7.3064,1.2936,2.2296,1.7411,4.3099,1.2552,1.11,1.4566,1.7527,0.799,2.3247,4.4547,2.2444,1.8992,3.6264,2.9597,2.4111,4.6518,0.4762,1.7522,2.4115,5.7561,2.0652,1.3548,6.4357,1.3997,5.0477,0.8772,0.8878
"TUBB2A",9.3343,8.7431,7.1099,9.4782,7.2739,9.3734,9.2943,8.8953,9.9106,8.1236,6.3513,11.6414,10.3982,8.4894,10.2226,8.5264,7.4498,8.4187,8.4013,6.0703,7.552,9.555,9.6804,7.1275,7.7602,6.6573,8.9972,9.2611,9.2953,10.6477,8.2132,8.4522,9.3493,7.5263,10.2756,9.095,7.1867,7.3654,7.4841,9.9034,7.7211,6.662,7.9736,6.6804,9.8393,7.6872,7.6426,8.6472,9.4834,8.8232,9.4001,8.7502,10.2815,10.4004,10.7653,7.3552,8.3442,11.1728,8.8161,7.5447,9.0957,11.4893,7.5539,7.494,8.0607,7.8759,10.0983,12.323,9.289,6.7303,10.3058,11.4604,8.2685,6.7681,6.3953,7.7742,11.5424,7.2602,8.0933
"REC8",8.9048,7.9683,4.1552,5.3466,6.6332,5.9491,7.0682,7.8969,5.8439,3.3168,4.4922,2.6779,6.0461,6.5848,6.5609,4.8836,5.7599,4.2617,6.2134,2.8285,5.0624,4.6722,5.6782,7.2554,5.3015,5.4212,5.5613,8.2918,5.3958,7.6354,4.9022,7.139,3.8949,4.5801,8.2656,6.4846,6.7123,3.2287,4.3253,4.9204,5.7414,4.6414,5.7639,6.3659,4.7364,4.4357,2.948,7.0667,6.1716,3.1678,6.7361,4.5983,6.7302,5.4164,6.0088,4.5355,5.1755,5.1374,6.4993,5.2893,5.2589,6.746,5.6322,5.4216,3.0168,5.5473,5.7231,6.1723,6.6203,3.5138,7.076,7.2465,4.7268,6.0422,8.613,6.0201,8.0017,5.7474,7.4678
"ATP2A1",5.9074,6.1235,2.6263,1.0721,2.1597,4.8051,2.8763,4.9959,4.1968,6.228,5.4598,3.1232,6.0461,3.3554,3.0439,2.5495,6.2277,4.8519,3.3014,2.7298,2.72,4.6991,8.7058,3.804,2.2341,4.6996,4.8282,3.9289,3.1013,5.0756,2.953,4.8255,2.9022,2.435,7.5581,2.6779,2.6787,1.7624,3.4512,4.2211,3.8201,3.1676,3.1968,2.45,2.4753,3.4144,4.4027,4.9142,2.8365,2.1005,3.4916,3.0456,3.7987,4.4026,4.859,1.7275,4.2298,3.2288,5.3677,4.3124,4.9943,3.5542,5.0346,2.9681,1.6452,1.4302,3.2686,4.7931,3.7976,4.9247,5.7383,3.9927,1.3743,3.2184,5.0663,2.8089,4.4177,4.0057,3.8684
"HTR2C",0,0,0,1.0721,0,4.2049,0.6121,7.4041,0,1.0844,0,2.0304,0,2.4323,0,0,0.7212,1.7758,0,0,0,2.5368,0,0,0,0,1.053,0.7464,0,0,0,0,0,0,0,0,0,0,0,0,0,0,0,0,0,1.862,0,0,0,0.5556,0,0,3.9783,0,4.6373,0,0,0,0.6713,0,0,0.6467,0,0,0,0,0,4.1546,1.5634,0,0,3.9927,0,1.0274,0,0,0,0,3.9501
"LHX5",0,4.9905,0,0,0,3.9327,1.3705,2.8619,3.084,0,0,4.3693,1.2192,1.2137,0.4881,0,0.7212,0,0,0.5553,0,1.2874,0,0.8179,0,0,1.3853,0.7464,0,1.0049,1.5493,0.7103,0,0,4.1732,0,0.6783,0,0,0,0.5896,0,4.4048,0,1.0978,1.2126,0,0,0.5249,0,0,0,1.5085,0,0.5453,0,0,0.4318,6.1837,0,0,2.3101,0,0,0,0,0.8982,4.0459,2.605,0,2.2571,0.5002,0,0,3.1124,0,0,0,0.8878
"C20orf56",0.7471,1.692,0,0,0,1.0406,1.3705,6.2439,0,0.6418,0,0,0,2.5453,0,0,0,0,0,0,0,2.1251,0,0,0,0,0,0,0,1.3278,0,0,0,0,0,0,0,0,0,3.9107,0,0,0,0,0,5.9138,0.7413,0,0,0,0,0,3.518,0,3.5317,0,0,0,0,0,0,4.3385,1.5206,0,0,0,4.3221,3.0579,1.1198,0,0,0,0,0,2.1197,0,0,0,0
"BLM",7.1714,7.127,4.1552,4.5941,4.3683,6.9923,5.5541,6.1006,4.1423,6.0442,4.0984,3.7789,7.0736,5.9874,5.0001,3.9601,4.159,7.6683,4.1899,4.2358,6.7589,4.2305,6.2665,5.0123,6.3501,5.5614,5.4054,3.7944,2.8845,6.5015,5.077,5.6974,3.8949,4.5259,6.8535,5.632,4.0007,2.1982,5.1273,6.7072,4.8959,3.1676,3.2705,3.3116,2.9711,5.6493,5.5237,3.9955,3.5274,8.2746,7.9086,4.4141,6.9826,5.5666,5.435,4.6193,2.5897,3.9361,2.6628,5.6917,7.5534,5.8751,5.6856,3.6294,4.6908,6.2071,5.8145,7.387,4.7863,4.783,5.4483,7.3527,5.4062,5.03,5.4123,3.926,7.9369,4.0057,4.9026
